match_id,date,time,country,competition,home_team,away_team,tip,coef_1,coef_x,coef_2,coef_ht1,coef_htx,coef_ht2,coef_o15,coef_o25,coef_o35,coef_bts,coef_ots,vote_1,vote_x,vote_2,likes,dislikes,home_official_name,home_founded,home_country,home_website,home_world_rank,away_official_name,away_founded,away_country,away_website,away_world_rank,comparison_url
1739741,2026-10-04,15:00,Spain,LALIGA2,Girona,Mallorca,1X,44,34,22,33,39,28,80,51,31,60,40,3,3,1,4,2,"Girona Futbol Club, S.A.D.",23 July 1930,Spain,http://www.gironafutbolclub.com,115,"Real Club Deportivo Mallorca, S.A.D.",1916,Spain,http://www.rcdmallorca.es,111,https://www.statarea.com/compare/teams/Girona (Spain)/Mallorca (Spain)
1739740,2026-10-04,12:30,Spain,LALIGA2,Las Palmas,Valladolid,1X,43,32,25,35,44,21,72,43,20,55,45,3,0,1,4,1,"Unión Deportiva Las Palmas, S.A.D.",1949,Spain,http://www.udlaspalmas.es,270,"Real Valladolid, Club de Fútbol, S.A.D.",1928,Spain,http://www.realvalladolid.es,560,https://www.statarea.com/compare/teams/Las+Palmas (Spain)/Valladolid (Spain)
1739737,2026-10-04,08:00,Spain,LALIGA2,Real Sociedad B,Granada CF,1X,41,31,28,23,61,16,72,48,35,55,45,7,0,1,5,0,Real Sociedad de Fútbol B,1951,Spain,http://www.realsociedad.com,,"Granada Club de Fútbol, S.A.D.",14 April 1931,Spain,http://www.granadacf.es,,https://www.statarea.com/compare/teams/Real+Sociedad+B (Spain)/Granada+CF (Spain)
1739739,2026-10-04,12:30,Spain,LALIGA2,Castellon,AD Ceuta,1,72,18,10,55,32,13,88,63,43,57,43,4,0,1,5,0,"Club Deportivo Castellón, S.A.D.",1922,Spain,http://www.cdcastellon.com,,Asociación Deportiva Ceuta,1996,Spain,http://www.adceutafc.es,,https://www.statarea.com/compare/teams/Castellon (Spain)/AD+Ceuta (Spain)
1739599,2026-10-04,14:45,International,UEFA NATIONS LEAGUE A GRP. 2,Greece,Germany,2,24,23,53,20,41,39,89,67,39,55,45,0,1,4,3,2,Greece national football team,1926,Greece,http://www.epo.gr,,Germany national football team,28 January 1900,Germany,http://www.dfb.de,,https://www.statarea.com/compare/teams/Greece (Greece)/Germany (Germany)
1739600,2026-10-04,14:45,International,UEFA NATIONS LEAGUE A GRP. 2,Netherlands,Serbia,1,77,17,6,59,34,7,92,67,43,47,53,2,0,0,2,1,Netherlands national football team,1889,Netherlands,http://www.knvb.nl,,Serbia national football team,1919,Serbia,http://www.fss.rs,,https://www.statarea.com/compare/teams/Netherlands (Netherlands)/Serbia (Serbia)
1739779,2026-10-04,18:15,Argentina,LIGA PROFESIONAL CLAUSURA GRP. B,Argentinos Jrs,Tigre,1X,55,30,15,42,42,16,68,41,17,47,53,1,0,0,1,0,Asociación Atlética Argentinos Juniors,"August 15, 1904",Argentina,http://www.argentinosjuniors.com.ar,220,Club Atlético Tigre,"August 3, 1902",Argentina,http://www.catigre.com.ar,137,https://www.statarea.com/compare/teams/Argentinos+Jrs (Argentina)/Tigre (Argentina)
1739781,2026-10-04,16:00,Argentina,LIGA PROFESIONAL CLAUSURA GRP. B,Talleres Cordoba,Belgrano Cordoba,X,36,36,28,30,52,18,67,40,23,41,59,0,1,0,1,0,Club Atlético Talleres,12 October 1913,Argentina,http://www.talleresdecordoba.com.ar,187,Club Atlético Belgrano,"March 19, 1905",Argentina,http://www.belgranocordoba.com,382,https://www.statarea.com/compare/teams/Talleres+Cordoba (Argentina)/Belgrano+Cordoba (Argentina)
1739780,2026-10-04,13:45,Argentina,LIGA PROFESIONAL CLAUSURA GRP. B,Huracan,Aldosivi,1X,55,30,15,39,47,14,74,41,22,45,55,2,1,0,0,1,Club Atlético Huracán,11 November 1908,Argentina,http://www.clubahuracan.com.ar,107,Club Atlético Aldosivi,1913,Argentina,http://www.aldosivi.com,,https://www.statarea.com/compare/teams/Huracan (Argentina)/Aldosivi (Argentina)
1740786,2026-10-04,20:30,Argentina,LIGA PROFESIONAL CLAUSURA GRP. B,Estudiantes R.C.,Racing Club,X2,24,39,37,18,62,20,80,49,24,44,56,0,0,0,0,0,Estudiantes de Río Cuarto,"September 21, 1912",Argentina,n\a,,Racing Club,"March 25, 1903",Argentina,http://www.racingclub.com.ar,67,https://www.statarea.com/compare/teams/Estudiantes+R.C. (Argentina)/Racing+Club (Argentina)
1740973,2026-10-04,18:30,Uruguay,LIGA AUF CLAUSURA,Racing Montevideo,Penarol,X2,27,32,41,21,49,30,79,54,37,53,47,1,0,0,0,0,Racing Club de Montevideo,"April 6, 1919",Uruguay,http://www.racingclub.com.uy,356,Club Atlético Peñarol,"September 28,1891",Uruguay,http://www.penarol.org,94,https://www.statarea.com/compare/teams/Racing+Montevideo (Uruguay)/Penarol (Uruguay)
1740970,2026-10-04,09:00,Uruguay,LIGA AUF CLAUSURA,Danubio,Cerro Largo,1X,41,34,25,33,45,22,70,35,17,45,55,0,0,0,0,0,Danubio Fútbol Club,1 March 1932,Uruguay,http://www.danubio.org.uy,637,Cerro Largo Fútbol Club,"November 19, 2002",Uruguay,http://www.cerrolargofc.com.uy,645,https://www.statarea.com/compare/teams/Danubio (Uruguay)/Cerro+Largo (Uruguay)
1740971,2026-10-04,12:00,Uruguay,LIGA AUF CLAUSURA,Boston River,Juventud,X2,33,33,34,26,47,27,82,56,35,60,40,0,0,0,0,0,Club Atlético Boston River,1939,Uruguay,http://www.cabostonriver.com.uy,559,Club Atlético Juventud de Las Piedras,"December 24, 1935",Uruguay,http://www.clubjuventud.org,,https://www.statarea.com/compare/teams/Boston+River (Uruguay)/Juventud (Uruguay)
1746431,2026-10-04,09:30,International,CLUB FRIENDLIES,Hamburger SV,FC Copenhagen,X2,31,34,35,33,37,30,85,64,39,59,41,0,0,0,0,0,Hamburger Sport-Verein e. V.,29 September 1887,Germany,http://www.hsv.de,228,Football Club København,1 July 1992,Denmark,http://www.fck.dk,165,https://www.statarea.com/compare/teams/Hamburger+SV (Germany)/FC+Copenhagen (Denmark)
1740796,2026-10-04,19:10,Colombia,PRIMERA A APERTURA FINALIZACION,Bucaramanga,Junior,1X,50,30,20,42,38,20,75,50,31,56,44,0,0,0,1,0,Club Atlético Bucaramanga Corporación Deportiva,11 May 1949,Colombia,http://www.atleticobucaramanga.com.co,383,Corporación Popular Deportiva Junior,1924,Colombia,http://www.juniorfc.co,304,https://www.statarea.com/compare/teams/Bucaramanga (Colombia)/Junior (Colombia)
1740795,2026-10-04,17:05,Colombia,PRIMERA A APERTURA FINALIZACION,Cucuta,Pereira,1,49,29,22,39,40,21,72,41,22,45,55,0,0,0,0,1,Corporación Nuevo Cúcuta Deportivo,"September 10, 1924",Colombia,http://www.cucutadeportivo.com.co,,"Corporación Social, Deportiva y Cultural de Pereira",1944,Colombia,http://www.deportivopereira.com.co,398,https://www.statarea.com/compare/teams/Cucuta (Colombia)/Pereira (Colombia)
1740797,2026-10-04,21:15,Colombia,PRIMERA A APERTURA FINALIZACION,Llaneros,America De Cali,X2,29,31,40,22,46,32,85,53,31,50,50,0,0,0,0,0,Llaneros Fútbol Club S.A.,20 April 2012,Colombia,http://www.llanerosfc.net,,Corporación Deportiva América,"December 21, 1918",Colombia,http://www.americadecali.co,230,https://www.statarea.com/compare/teams/Llaneros (Colombia)/America+De+Cali (Colombia)
1737880,2026-10-04,17:05,Colombia,PRIMERA A APERTURA FINALIZACION,Internacional De Bogota,Once Caldas,X,38,39,23,23,59,18,86,60,36,58,42,1,0,0,0,0,n\a,n\a,Colombia,n\a,,Corporación Deportiva Once Caldas,16 April 1947,Colombia,http://www.oncecaldas.com.co,465,https://www.statarea.com/compare/teams/Internacional+De+Bogota (Colombia)/Once+Caldas (Colombia)
1739895,2026-10-04,14:30,Italy,SERIE C GRP. C,Salernitana,Bari,X2,34,31,35,28,41,31,79,53,29,54,46,0,0,0,1,0,Salernitana Calcio 1919 SpA,1919,Italy,http://www.salernitana1919.it,,Associazione Sportiva Bari SpA,15 January 1908,Italy,http://www.fcbari1908.club,,https://www.statarea.com/compare/teams/Salernitana (Italy)/Bari (Italy)
1739891,2026-10-04,08:30,Italy,SERIE C GRP. C,Cosenza,Foggia,X2,39,30,31,33,39,28,63,45,30,48,52,0,0,0,0,0,Cosenza Calcio 1914,1914,Italy,http://www.nuovacosenzacalcio.it,,Unione Sportiva Foggia srl,1920,Italy,http://www.acdfoggiacalcio.it,,https://www.statarea.com/compare/teams/Cosenza (Italy)/Foggia (Italy)
1739893,2026-10-04,14:30,Italy,SERIE C GRP. C,Audace Cerignola,Team Altamura,1X,53,30,17,40,43,17,76,47,26,54,46,0,0,0,0,0,USD Audace Cerignola,01 June 1912,Italy,http://www.audacecerignola.it,,ASD Team Altamura,n\a,Italy,http://www.teamaltamura.com,,https://www.statarea.com/compare/teams/Audace+Cerignola (Italy)/Team+Altamura (Italy)
1739894,2026-10-04,14:30,Italy,SERIE C GRP. C,Potenza,AZ Picerno,1,52,28,20,33,40,27,83,59,33,64,36,0,0,0,0,2,Potenza Sport Club,1919,Italy,http://www.potenzasportclub.com,,AZ Picerno ASD,1973,Italy,n\a,,https://www.statarea.com/compare/teams/Potenza (Italy)/AZ+Picerno (Italy)
1739039,2026-10-04,14:30,Argentina,PRIMERA NACIONAL GRP. B,Chacarita Juniors,Patronato,1X,48,38,14,33,46,21,60,31,14,36,64,1,0,0,0,1,Club Atlético Chacarita Juniors,"May 1, 1906",Argentina,http://www.chacaritajuniors.org.ar,,Club Atlético Patronato de la Juventud Católica,1914,Argentina,http://www.cpatronato.com.ar,351,https://www.statarea.com/compare/teams/Chacarita+Juniors (Argentina)/Patronato (Argentina)
1739042,2026-10-04,17:30,Argentina,PRIMERA NACIONAL GRP. B,San Martin Tucuman,Gimnasia Y Tiro,1X,42,32,26,33,45,22,80,48,20,43,57,0,0,1,0,0,Club Atlético San Martín,"November 2, 1909",Argentina,http://www.clubatleticosanmartin.com,504,Club de Gimnasia y Tiro,29 November 1902,Argentina,http://www.gimnasiaytiro.com.ar,,https://www.statarea.com/compare/teams/San+Martin+Tucuman (Argentina)/Gimnasia+Y+Tiro (Argentina)
1739038,2026-10-04,16:30,Argentina,PRIMERA NACIONAL GRP. B,Atletico Rafaela,Atletico Atlanta,2,39,29,32,25,48,27,68,40,21,36,64,0,0,0,1,0,Asociación Mutual Social y Deportiva Atlético de Rafaela,13 January 1907,Argentina,http://www.atleticorafaela.com.ar,587,Club Atlético Atlanta,12 October 1904,Argentina,http://www.caatlanta.com.ar,,https://www.statarea.com/compare/teams/Atletico+Rafaela (Argentina)/Atletico+Atlanta (Argentina)
1739041,2026-10-04,16:00,Argentina,PRIMERA NACIONAL GRP. B,San Martin S.J.,Almagro,1,56,28,16,40,40,20,82,46,25,40,60,0,0,0,0,0,Club Atlético San Martín,"September 27, 1907",Argentina,http://www.soyverdinegro.com.ar,626,Club Almagro,6 January 1911,Argentina,http://www.calmagro.com.ar,,https://www.statarea.com/compare/teams/San+Martin+S.J. (Argentina)/Almagro (Argentina)
1742204,2026-10-04,16:00,Argentina,PRIMERA NACIONAL GRP. B,Atletico Guemes,Colegiales,2,31,28,41,19,50,31,60,31,17,29,71,0,0,0,0,0,Club Atlético Güemes,12 Octomber 1932,Argentina,http://www.gauchopasion.com,,Club Atlético Colegiales,1 April 1908,Argentina,http://www.colepasion.com.ar,,https://www.statarea.com/compare/teams/Atletico+Guemes (Argentina)/Colegiales (Argentina)
1739601,2026-10-04,14:45,International,UEFA NATIONS LEAGUE A GRP. 4,Portugal,Norway,1,63,20,17,53,32,15,92,76,48,68,32,0,0,0,1,1,Portugal national football team,1914,Portugal,http://www.fpf.pt,,Norway national football team,1902,Norway,http://www.fotball.no,,https://www.statarea.com/compare/teams/Portugal (Portugal)/Norway (Norway)
1739602,2026-10-04,14:45,International,UEFA NATIONS LEAGUE A GRP. 4,Wales,Denmark,2,21,23,56,18,37,45,84,65,47,65,35,0,0,0,3,1,Wales national football team,1876,Wales,http://www.faw.org.uk,,Denmark national football team,1889,Denmark,http://www.dbu.dk,,https://www.statarea.com/compare/teams/Wales (Wales)/Denmark (Denmark)
1719818,2026-10-04,06:00,Portugal,LIGA PORTUGAL 2,Farense,Chaves,1,46,28,26,35,42,23,72,49,24,53,47,4,0,0,3,0,Sporting Clube Farense,1910,Portugal,http://www.scfarense.pt,,Grupo Desportivo de Chaves,27 September 1949,Portugal,http://www.gdchaves.pt,,https://www.statarea.com/compare/teams/Farense (Portugal)/Chaves (Portugal)
1739900,2026-10-04,14:00,Mexico,LIGA DE EXPANSION MX APERTURA,Leones Negros UDG,Dorados,1,54,27,19,39,43,18,88,58,41,55,45,0,0,0,0,0,Leones Negros de la Universidad de Guadalajara,1 January 1970,Mexico,http://www.leonesnegrosudg.mx,,Club Social y Deportivo Dorados de Sinaloa,9 August 2003,Mexico,http://www.doradosfc.com.mx,,https://www.statarea.com/compare/teams/Leones+Negros+UDG (Mexico)/Dorados (Mexico)
1695481,2026-10-04,16:30,Chile,PRIMERA B,San Luis,Union Espanola,1,48,29,23,41,30,29,80,57,36,65,35,0,0,0,0,0,Club Deportivo San Luis de Quillota,"December 8, 1919",Chile,http://www.sanluissa.cl,,Unión Española S.A.D.P.,"May 18, 1897",Chile,http://www.unionespanola.cl,648,https://www.statarea.com/compare/teams/San+Luis (Chile)/Union+Espanola (Chile)
1694601,2026-10-04,14:00,Chile,PRIMERA B,Union San Felipe,Iquique,2,31,29,40,28,36,36,60,45,25,50,50,0,0,0,0,1,Club de Deportes Unión San Felipe,"October 16, 1956",Chile,http://www.unionsanfelipe.com,,"Club Deportivo Municipal, Iquique S.A.D.P.","May 21, 1978",Chile,http://www.cdiquique.cl,,https://www.statarea.com/compare/teams/Union+San+Felipe (Chile)/Iquique (Chile)
1741173,2026-10-04,10:00,Croatia,CROATIAN CUP,Vukovar 91,NK Dinamo Zagreb,2,19,16,65,15,30,55,95,85,60,55,45,0,0,0,1,0,NK Vukovar '91,1926,Croatia,n\a,,Nogometni klub Dinamo Zagreb,9 June 1945,Croatia,http://www.gnkdinamo.hr,88,https://www.statarea.com/compare/teams/Vukovar+91 (Croatia)/NK+Dinamo+Zagreb (Croatia)
1739920,2026-10-04,02:00,Japan,J. LEAGUE 2,Vegalta Sendai,Jubilo Iwata,1X,44,31,25,37,42,21,74,53,30,57,43,0,0,0,0,0,Vegalta Sendai,1988,Japan,http://www.vegalta.co.jp,,Júbilo Iwata,1970,Japan,http://www.jubilo-iwata.co.jp,,https://www.statarea.com/compare/teams/Vegalta+Sendai (Japan)/Jubilo+Iwata (Japan)
1739919,2026-10-04,01:00,Japan,J. LEAGUE 2,Blaublitz Akita,Sagan Tosu,X2,36,31,33,28,45,27,81,50,33,48,52,1,0,0,0,0,Blaublitz Akita,1965,Japan,http://www.blaublitz.jp,,Sagan Tosu Football Club,1997,Japan,http://www.sagan-tosu.net,,https://www.statarea.com/compare/teams/Blaublitz+Akita (Japan)/Sagan+Tosu (Japan)
1739917,2026-10-04,00:00,Japan,J. LEAGUE 2,Consadole Sapporo,Iwaki FC,1X,41,30,29,35,36,29,89,64,42,64,36,0,0,0,1,0,Consadole Sapporo,1935,Japan,http://www.consadole-sapporo.jp,,Iwaki FC,2011,Japan,n\a,,https://www.statarea.com/compare/teams/Consadole+Sapporo (Japan)/Iwaki+FC (Japan)
1739921,2026-10-04,06:00,Japan,J. LEAGUE 2,Tegevajaro Miyazaki,Omiya Ardija,X2,33,33,34,31,38,31,88,65,39,64,36,0,0,0,0,0,Tegevajaro Miyazaki,1965,Japan,http://www.tegevajaro.com,,Omiya Ardija FC,1964,Japan,http://www.ardija.co.jp,,https://www.statarea.com/compare/teams/Tegevajaro+Miyazaki (Japan)/Omiya+Ardija (Japan)
1739918,2026-10-04,00:00,Japan,J. LEAGUE 2,Vanraure Hachinohe,Yokohama FC,2,24,28,48,24,38,38,84,48,28,45,55,0,0,1,0,0,Vanraure Hachinohe FC,2006,Japan,http://www.vanraure.com,,Yokohama F.C.,1999,Japan,http://www.yokohamafc.com,,https://www.statarea.com/compare/teams/Vanraure+Hachinohe (Japan)/Yokohama+FC (Japan)
1739835,2026-10-04,08:15,Spain,PRIMERA FEDERACION - GROUP 2,Huesca,Ce Europa,1,53,26,21,39,39,22,80,59,33,38,62,0,0,0,0,0,"Sociedad Deportiva Huesca, S.A.D.",1960,Spain,http://www.sdhuesca.es,197,n\a,n\a,Spain,n\a,,https://www.statarea.com/compare/teams/Huesca (Spain)/Ce+Europa (Spain)
1739838,2026-10-04,15:00,Spain,PRIMERA FEDERACION - GROUP 2,Zaragoza,Teruel,1,67,20,13,46,45,9,85,56,36,37,63,0,0,0,1,0,"Real Zaragoza, S.A.D.",1932,Spain,http://www.realzaragoza.com,384,Club Deportivo Teruel,1946,Spain,n\a,,https://www.statarea.com/compare/teams/Zaragoza (Spain)/Teruel (Spain)
1739833,2026-10-04,06:00,Spain,PRIMERA FEDERACION - GROUP 2,Murcia,Gimnastic Tarragona,1,54,26,20,45,35,20,72,47,23,44,56,0,0,1,0,0,"Real Murcia Club, de Fútbol, S.A.D.",1908,Spain,http://www.realmurcia.es,,Club Gimnàstic de Tarragona S.A.D.,1914,Spain,http://www.gimnasticdetarragona.com,,https://www.statarea.com/compare/teams/Murcia (Spain)/Gimnastic+Tarragona (Spain)
1739834,2026-10-04,06:00,Spain,PRIMERA FEDERACION - GROUP 2,Villarreal B,UD Ibiza,1,57,27,16,39,40,21,77,50,27,49,51,0,0,0,1,0,Villarreal Club de Fútbol B,1999,Spain,http://www.villarrealcf.es,,Unión Deportiva Ibiza,2015,Spain,http://www.ibizaud.com,,https://www.statarea.com/compare/teams/Villarreal+B (Spain)/UD+Ibiza (Spain)
1739837,2026-10-04,12:45,Spain,PRIMERA FEDERACION - GROUP 2,Algeciras,Rayo Majadahonda,1X,50,31,19,32,51,17,62,36,25,39,61,0,0,0,0,0,Algeciras Club de Fútbol,1912,Spain,http://www.algecirascf.net,,Club de Fútbol Rayo Majadahonda,1976,Spain,http://www.rayomajadahonda.es,,https://www.statarea.com/compare/teams/Algeciras (Spain)/Rayo+Majadahonda (Spain)
1738988,2026-10-04,17:00,Argentina,PRIMERA NACIONAL GRP. A,Godoy Cruz,Los Andes,1X,54,30,16,37,41,22,80,51,18,36,64,0,0,0,0,0,Club Deportivo Godoy Cruz Antonio Tomba,"June 21, 1921",Argentina,http://www.clubgodoycruz.com.ar,266,Club Atlético Los Andes,1 January 1917,Argentina,http://www.clublosandes.com,,https://www.statarea.com/compare/teams/Godoy+Cruz (Argentina)/Los+Andes (Argentina)
1738982,2026-10-04,16:00,Argentina,PRIMERA NACIONAL GRP. A,Chaco For Ever,Defensores De Belgrano,1,46,27,27,36,37,27,54,30,13,30,70,0,0,0,0,0,Club Atlético Chaco For Ever,27 July 1913,Argentina,http://www.cachacoforever.com,,CA Defensores de Belgrano,1906,Argentina,http://www.defe.com.ar,,https://www.statarea.com/compare/teams/Chaco+For+Ever (Argentina)/Defensores+De+Belgrano (Argentina)
1738989,2026-10-04,14:30,Argentina,PRIMERA NACIONAL GRP. A,San Telmo,Almirante Brown,X2,32,36,32,23,49,28,51,29,15,28,72,0,0,1,0,0,Club Atlético San Telmo,5 March 1904,Argentina,http://www.soydetelmo.com.ar,,Club Almirante Brown,17 January 1922,Argentina,http://www.almirantebrown.org.ar,,https://www.statarea.com/compare/teams/San+Telmo (Argentina)/Almirante+Brown (Argentina)
1738435,2026-10-04,10:00,Serbia,PRVA LIGA,Javor,Borac Cacak,1,44,28,28,42,30,28,84,52,29,55,45,0,0,0,0,0,Fudbalski klub Javor Ivanjica,1912,Serbia,http://www.fkjavor.com,,Fudbalski klub Borac Čačak,1 May 1926,Serbia,http://www.boracfk.com,,https://www.statarea.com/compare/teams/Javor (Serbia)/Borac+Cacak (Serbia)
1740104,2026-10-04,06:00,Spain,SEGUNDA FEDERACION - GROUP 4,Xerez,Tenerife B,2,37,27,36,30,38,32,84,57,26,44,56,0,0,1,1,0,"Xerez Club Deportivo, S.A.D.",1947,Spain,http://www.xerezclubdeportivo.es,337,n\a,n\a,Spain,n\a,,https://www.statarea.com/compare/teams/Xerez (Spain)/Tenerife+B (Spain)
1740101,2026-10-04,06:00,Spain,SEGUNDA FEDERACION - GROUP 4,Atletico Sanluqueno,Cp Mijas-las Lagunas,X,38,34,28,30,50,20,60,40,28,46,54,1,0,0,1,0,Atlético Sanluqueño Club de Fútbol,1948,Spain,http://www.atleticosanluquenocf.com,,n\a,n\a,Spain,n\a,,https://www.statarea.com/compare/teams/Atletico+Sanluqueno (Spain)/Cp+Mijas-las+Lagunas (Spain)
1740102,2026-10-04,06:00,Spain,SEGUNDA FEDERACION - GROUP 4,Recreativo Huelva,Las Palmas B,1,61,25,14,46,38,16,73,55,25,46,54,2,0,0,2,0,"Real Club Recreativo de Huelva, S.A.D.",1889,Spain,http://www.recreativohuelva.com,,"Unión Deportiva Las Palmas, S.A.D. - second team",1949 (first team),Spain,http://www.udlaspalmas.es,,https://www.statarea.com/compare/teams/Recreativo+Huelva (Spain)/Las+Palmas+B (Spain)
1740103,2026-10-04,07:00,Spain,SEGUNDA FEDERACION - GROUP 4,Tamaraceite,Antoniano,1X,44,33,23,22,61,17,74,46,32,47,53,1,0,0,1,0,Unión Deportiva Tamaraceite,1966,Spain,n\a,,Club Atlético Antoniano,1964,Spain,http://www.clubatleticoantoniano.es,,https://www.statarea.com/compare/teams/Tamaraceite (Spain)/Antoniano (Spain)
1740105,2026-10-04,11:00,Spain,SEGUNDA FEDERACION - GROUP 4,Marbella,Betis Deportivo Balompie,2,28,27,45,28,37,35,77,57,37,54,46,0,0,1,1,0,Unión Deportiva Marbella,1997,Spain,http://www.marbella-fc.com,,Betis Deportivo Balompié - reserve team of Real Betis,15 July 1942,Spain,n\a,,https://www.statarea.com/compare/teams/Marbella (Spain)/Betis+Deportivo+Balompie (Spain)
1740107,2026-10-04,13:00,Spain,SEGUNDA FEDERACION - GROUP 4,Lucena,Puente Genil,1,49,26,25,32,49,19,63,48,28,45,55,1,1,0,1,0,"Lucena Club de Fútbol, S.A.D.",1968,Spain,http://www.lucenaclubdefutbol.com,,n\a,n\a,Spain,n\a,,https://www.statarea.com/compare/teams/Lucena (Spain)/Puente+Genil (Spain)
1739878,2026-10-04,11:30,Italy,SERIE C GRP. B,Reggiana,Spezia,X2,34,34,32,28,43,29,86,59,35,61,39,0,0,0,0,0,Associazione Calcio Reggiana 1919 SRL,1919,Italy,http://www.reggianacalcio.it,,Spezia Calcio,1906,Italy,http://www.acspezia.com,367,https://www.statarea.com/compare/teams/Reggiana (Italy)/Spezia (Italy)
1739875,2026-10-04,08:30,Italy,SERIE C GRP. B,Campobasso,Torres,1X,44,39,17,32,47,21,81,46,30,57,43,0,0,0,0,0,Polisportiva Nuovo Campobasso Calcio srl,1919,Italy,http://www.cittadicampobassocalcio.it,,Società di Educazione Fisica Torres 1903 s.r.l.,1903,Italy,http://www.seftorrescalcio.it,,https://www.statarea.com/compare/teams/Campobasso (Italy)/Torres (Italy)
1739876,2026-10-04,08:30,Italy,SERIE C GRP. B,Guidonia Montecelio,Pineto,1X,41,34,25,32,46,22,63,38,20,45,55,0,0,0,0,0,n\a,n\a,Italy,n\a,,Associazione Sportiva Dilettantistica Pineto Calcio,1962,Italy,n\a,,https://www.statarea.com/compare/teams/Guidonia+Montecelio (Italy)/Pineto (Italy)
1739877,2026-10-04,08:30,Italy,SERIE C GRP. B,Pianese,Ravenna,2,18,34,48,16,42,42,72,38,26,48,52,0,0,0,0,0,Unione Sportiva Pianese SrL,1930,Italy,n\a,,Ravenna Calcio SRL,1913,Italy,http://www.ravennacalcio.com,,https://www.statarea.com/compare/teams/Pianese (Italy)/Ravenna (Italy)
1739603,2026-10-04,12:00,International,UEFA NATIONS LEAGUE B GRP. 3,Kosovo,Austria,2,26,23,51,20,38,42,88,60,33,50,50,0,0,2,2,0,Kosovo national football team,2008,Kosovo,http://www.ffk-kosova.com,,Austria national football team,1904,Austria,http://www.oefb.at,,https://www.statarea.com/compare/teams/Kosovo (Kosovo)/Austria (Austria)
1739863,2026-10-04,11:30,Italy,SERIE C GRP. A,Dolomiti Bellunesi,Novara,X2,37,33,30,34,41,25,80,51,27,45,55,0,0,0,0,0,n\a,n\a,Italy,n\a,,Novara Calcio S.p.A.,1908,Italy,http://www.novaracalcio.com,446,https://www.statarea.com/compare/teams/Dolomiti+Bellunesi (Italy)/Novara (Italy)
1739861,2026-10-04,06:30,Italy,SERIE C GRP. A,Lecco,Brescia,X2,23,33,44,19,45,36,76,46,23,36,64,0,0,0,0,0,Calcio Lecco 1912 SRL,1912,Italy,http://www.aclecco.it,,Brescia Calcio SpA,1911,Italy,http://www.bresciacalcio.it,,https://www.statarea.com/compare/teams/Lecco (Italy)/Brescia (Italy)
1739862,2026-10-04,06:30,Italy,SERIE C GRP. A,Treviso,GIANA Erminio,1,55,27,18,39,47,14,72,47,22,42,58,0,0,0,0,0,Associazione Sportiva Dilettantistica Treviso 2009,1909,Italy,http://www.fbctreviso.it,,Associazione Sportiva Giana Erminio,1909,Italy,http://www.asgiana.it,,https://www.statarea.com/compare/teams/Treviso (Italy)/GIANA+Erminio (Italy)
1739865,2026-10-04,14:30,Italy,SERIE C GRP. A,ASD Alcione,AC Trento,X2,31,32,37,26,40,34,73,49,31,57,43,0,0,0,0,0,n\a,n\a,Italy,n\a,,Associazione Calcio Trento Società Cooperativa Sportiva Dilettantistica,1921,Italy,http://www.trentocalcio1921.com,,https://www.statarea.com/compare/teams/ASD+Alcione (Italy)/AC+Trento (Italy)
1739765,2026-10-04,09:00,Montenegro,2. CFL,Berane,Jedinstvo Bijelo Polje,2,25,23,52,17,46,37,72,48,31,50,50,0,0,0,0,0,Fudbalski klub Berane,1920,Montenegro,n\a,,FK Jedinstvo Bijelo Polje,1922,Montenegro,n\a,,https://www.statarea.com/compare/teams/Berane (Montenegro)/Jedinstvo+Bijelo+Polje (Montenegro)
1739870,2026-10-04,04:30,Slovakia,2. LIGA,MFK Petrzalka,OFK Malzenice,1,68,22,10,48,37,15,89,64,29,58,42,0,0,1,0,0,FC Petržalka 1898,7 June 1898,Slovakia,http://www.fcpa.sk,,OFK Malženice,1931,Slovakia,n\a,,https://www.statarea.com/compare/teams/MFK+Petrzalka (Slovakia)/OFK+Malzenice (Slovakia)
1739883,2026-10-04,11:00,Poland,II LIGA,Gornik Leczna,Chojniczanka Chojnice,1,46,25,29,43,34,23,90,68,45,64,36,0,0,0,0,1,Górniczy Klub Sportowy Górnik Łęczna,1979,Poland,http://www.gksgornik.leczna.pl,,Miejski Klub Sportowy Chojniczanka 1930 Chojnice,1930,Poland,http://www.mkschojniczanka.pl,,https://www.statarea.com/compare/teams/Gornik+Leczna (Poland)/Chojniczanka+Chojnice (Poland)
1739882,2026-10-04,07:00,Poland,II LIGA,Znicz Pruszkow,Stal Stalowa Wola,1,52,29,19,40,43,17,85,61,46,69,31,0,0,0,0,0,"Miejski Klub Sportowy, Znicz Pruszków",1923,Poland,http://www.zniczpruszkow.com.pl,,"Zakładowy Klub Sportowy, Stal Stalowa Wola",1938,Poland,http://www.stalowka.pl,,https://www.statarea.com/compare/teams/Znicz+Pruszkow (Poland)/Stal+Stalowa+Wola (Poland)
1739773,2026-10-04,09:00,Slovenia,2. DIVISION,Nk Bistrica,Rudar Velenje,1X,41,31,28,26,47,27,90,66,36,54,46,1,0,0,1,0,n\a,n\a,Slovenia,n\a,,Nogometni Klub Rudar Velenje,1948,Slovenia,http://www.nkrudar.com,,https://www.statarea.com/compare/teams/Nk+Bistrica (Slovenia)/Rudar+Velenje (Slovenia)
1739775,2026-10-04,10:00,Slovenia,2. DIVISION,ND Ilirija,Beltinci,2,33,28,39,25,42,33,79,51,33,53,47,0,0,0,0,0,Nogometno Društvo Ilirija Ljubljana,1911,Slovenia,http://www.ndilirija1911.si,,Nogometno Društvo Beltinci,2007,Slovenia,http://www.ndbeltinci.net,,https://www.statarea.com/compare/teams/ND+Ilirija (Slovenia)/Beltinci (Slovenia)
1739776,2026-10-04,12:00,Slovenia,2. DIVISION,Triglav Kranj,Jesenice,1,68,20,12,42,36,22,89,57,39,47,53,0,0,0,0,0,Nogometni Klub Triglav Kranj,1920,Slovenia,http://www.nktriglav.si,,Nogometni Klub Jesenice,1912,Slovenia,http://www.nkjesenice.si,,https://www.statarea.com/compare/teams/Triglav+Kranj (Slovenia)/Jesenice (Slovenia)
1739772,2026-10-04,08:30,Norway,1. DIVISION,Bryne,Lyn,1,47,28,25,41,30,29,92,64,41,62,38,1,0,0,0,0,Bryne Fotballklubb,10 April 1926,Norway,http://www.brynefk.no,,Lyn Toppfotball,3 March 1896,Norway,http://www.lyn.no,,https://www.statarea.com/compare/teams/Bryne (Norway)/Lyn (Norway)
1740047,2026-10-04,10:00,Switzerland,PROMOTION LEAGUE,AC Bellinzona,FC Zurich II,X2,40,30,30,34,41,25,95,85,69,60,40,0,0,0,0,0,Associazione Calcio Bellinzona,1904,Switzerland,http://www.acbellinzona.ch,,Fussball-Club Zürich - second team,1896 (first team),Switzerland,http://www.fcz.ch,,https://www.statarea.com/compare/teams/AC+Bellinzona (Switzerland)/FC+Zurich+II (Switzerland)
1746429,2026-10-04,14:00,International,FRIENDLIES,Egypt,South Africa,1,55,29,16,43,45,12,71,45,25,41,59,1,0,0,0,0,Egypt national football team,1921,Egypt,http://www.efa.com.eg,,South Africa national football team,1991,South Africa,http://www.safa.net,,https://www.statarea.com/compare/teams/Egypt (Egypt)/South+Africa (South Africa)
1745609,2026-10-04,14:00,International,FRIENDLIES,Morocco,Mali,1,59,28,13,44,42,14,70,38,22,33,67,0,0,0,0,0,Morrocco national football team,1955,Morocco,http://www.frmf.ma,,Mali national football team,1960,Mali,n\a,,https://www.statarea.com/compare/teams/Morocco (Morocco)/Mali (Mali)
1743837,2026-10-04,10:00,International,FRIENDLIES,Kyrgyzstan,Lebanon,2,32,24,44,25,38,37,64,47,34,33,67,1,0,1,1,0,Kyrgyzstan national football team,1992,Kyrgyzstan,http://www.ffkr.kg,,Lebanon national football team,1933,Lebanon,n\a,,https://www.statarea.com/compare/teams/Kyrgyzstan (Kyrgyzstan)/Lebanon (Lebanon)
1738752,2026-10-04,08:00,Greece,SUPER LEAGUE 2,Asteras Tripolis B,Anagennisi Karditsas,1,47,29,24,27,52,21,57,34,18,32,68,0,0,0,0,0,n\a,n\a,Greece,n\a,,PAE Anagennisi Karditsas 1904,1904,Greece,http://www.anagenisi-karditsas.gr,,https://www.statarea.com/compare/teams/Asteras+Tripolis+B (Greece)/Anagennisi+Karditsas (Greece)
1738836,2026-10-04,11:00,Spain,SEGUNDA FEDERACION - GROUP 1,Gernika,Sestao River,X2,34,35,31,26,49,25,69,37,20,48,52,0,0,0,0,0,Sociedad Deportiva Gernika Club,1922,Spain,http://www.gernikaclub.es,,Sestao River Club,1996,Spain,http://www.sestao-river.com,,https://www.statarea.com/compare/teams/Gernika (Spain)/Sestao+River (Spain)
1740012,2026-10-04,11:00,Spain,SEGUNDA FEDERACION - GROUP 1,Bergantinos,Coruxo,1,49,26,25,35,44,21,73,51,29,45,55,0,0,0,0,0,Bergantiños Fútbol Club,1923,Spain,n\a,,Coruxo Fútbol Club,1930,Spain,http://www.coruxofc.com,,https://www.statarea.com/compare/teams/Bergantinos (Spain)/Coruxo (Spain)
1740014,2026-10-04,11:00,Spain,SEGUNDA FEDERACION - GROUP 1,Compostela,Oviedo B,1,55,26,19,25,60,15,79,57,32,44,56,0,0,0,0,0,"Sociedade Deportiva Compostela, S.A.D.",1962,Spain,http://www.sdcompostela.com,,"Real Oviedo Club de Fútbol, S.A.D. - second team (B team)",1926,Spain,http://www.realoviedo.es,,https://www.statarea.com/compare/teams/Compostela (Spain)/Oviedo+B (Spain)
1740015,2026-10-04,11:00,Spain,SEGUNDA FEDERACION - GROUP 1,Ourense,Arosa SC,1,49,28,23,37,48,15,74,50,26,51,49,0,0,1,0,0,"Club Deportivo Ourense, S.A.D.",1952,Spain,http://www.cdourense.es,,Arosa Sociedad Cultural,1945,Spain,http://www.arosasc.es,,https://www.statarea.com/compare/teams/Ourense (Spain)/Arosa+SC (Spain)
1739031,2026-10-04,04:00,Russia,SECOND LEAGUE DIVISION B GRP. 4 RELEGATION ROUND,Ural 2,Nosta,X,39,35,26,33,44,23,87,61,34,57,43,0,0,0,0,0,FC Ural Yekaterinburg - second team,1930,Russia,http://www.fc-ural.ru,,FC Nosta Novotroitsk,1991,Russia,http://www.fc-nosta.ru,,https://www.statarea.com/compare/teams/Ural+2 (Russia)/Nosta (Russia)
1739265,2026-10-04,14:00,Argentina,PRIMERA B METROPOLITANA,Comunicaciones,Flandria,1,54,29,17,36,47,17,56,35,19,33,67,0,0,0,0,1,Club Comunicaciones,1931,Argentina,http://www.clubcomunicaciones.com.ar,,Club Social y Deportivo Flandria,9 February 1941,Argentina,http://www.flandria.com.ar,,https://www.statarea.com/compare/teams/Comunicaciones (Argentina)/Flandria (Argentina)
1739618,2026-10-04,09:00,England,WSL,Tottenham (w),London City Lionesses (w),X2,38,30,32,37,37,26,75,56,24,55,45,0,0,0,0,0,Tottenham Hotspur Football Club - women team,1882 as Hotspur F.C.,England,http://www.tottenhamhotspur.com,,London City Lionesses Football Club,May 2019,England,http://www.londoncitylionesses.com,,https://www.statarea.com/compare/teams/Tottenham+%28w%29 (England)/London+City+Lionesses+%28w%29 (England)
1739619,2026-10-04,09:00,England,WSL,West Ham (w),Chelsea (w),2,15,14,71,16,33,51,87,67,53,48,52,0,0,0,0,0,West Ham United FC - women team,1895 as Thames Ironworks,England,http://www.whufc.com,,Chelsea Football Club - women team,1905 (first team),England,http://www.chelseafc.com,,https://www.statarea.com/compare/teams/West+Ham+%28w%29 (England)/Chelsea+%28w%29 (England)
1739620,2026-10-04,11:30,England,WSL,Manchester City (w),Arsenal (w),12,43,26,31,32,34,34,83,59,41,56,44,0,0,0,0,0,Manchester City Football Club - women team,1880 (first team),England,http://www.mcfc.co.uk,,Arsenal Football Club - women team,1886 (first team),England,http://www.arsenal.com,,https://www.statarea.com/compare/teams/Manchester+City+%28w%29 (England)/Arsenal+%28w%29 (England)
1739621,2026-10-04,07:45,Germany,FRAUEN-BUNDESLIGA,VfL Wolfsburg (w),Hamburger Sv (w),1,81,12,7,50,36,14,89,78,58,55,45,0,0,0,0,0,"Verein für Leibesübungen, Wolfsburg-Fußball GmbH - women team",2003,Germany,http://www.vfl-wolfsburg.de,,n\a,n\a,Germany,n\a,,https://www.statarea.com/compare/teams/VfL+Wolfsburg+%28w%29 (Germany)/Hamburger+Sv+%28w%29 (Germany)
1739623,2026-10-04,12:30,Germany,FRAUEN-BUNDESLIGA,Nuernberg (w),1899 Hoffenheim (w),2,31,22,47,42,25,33,87,70,45,67,33,0,0,0,0,0,n\a,n\a,Germany,n\a,,Turn- und Sportgemeinschaft 1899 Hoffenheim e.V. - women team,1 July 1899 (first team),Germany,http://www.achtzehn99.de,,https://www.statarea.com/compare/teams/Nuernberg+%28w%29 (Germany)/1899+Hoffenheim+%28w%29 (Germany)
1739688,2026-10-04,13:00,Spain,LIGA F,Barcelona (w),Real Madrid (w),1,70,12,18,40,38,22,93,71,56,38,62,0,0,1,0,0,Futbol Club Barcelona - women team,1899 (first team),Spain,http://www.fcbarcelona.com,,Real Madrid Club de Fútbol - women team,12 September 2014,Spain,http://www.realmadrid.com/football/female-team,,https://www.statarea.com/compare/teams/Barcelona+%28w%29 (Spain)/Real+Madrid+%28w%29 (Spain)
1739691,2026-10-04,06:00,Spain,LIGA F,Granada Femenino (w),Eibar (w),1,59,23,18,33,50,17,68,42,22,32,68,0,0,1,0,0,n\a,n\a,Spain,n\a,,"Sociedad Deportiva Eibar, S.A.D. - women team",1940,Spain,http://www.sdeibar.com,,https://www.statarea.com/compare/teams/Granada+Femenino+%28w%29 (Spain)/Eibar+%28w%29 (Spain)
1739692,2026-10-04,08:00,Sweden,DAMALLSVENSKAN,Djurgarden (w),AIK (w),X2,30,31,39,20,57,23,79,52,33,52,48,0,0,0,0,0,Djurgårdens Idrottsförening - women team,12 March 1891 (first team),Sweden,http://www.dif.se,,Allmänna Idrottsklubben - women team,15 February 1891 (first team),Sweden,http://www.aikfotboll.se,,https://www.statarea.com/compare/teams/Djurgarden+%28w%29 (Sweden)/AIK+%28w%29 (Sweden)
1739699,2026-10-04,13:00,USA,NWSL,Gotham FC (w),Angel City FC (w),1,52,24,24,29,40,31,83,52,31,56,44,0,0,0,0,2,n\a,n\a,USA,n\a,,n\a,n\a,USA,n\a,,https://www.statarea.com/compare/teams/Gotham+FC+%28w%29 (USA)/Angel+City+FC+%28w%29 (USA)
1739700,2026-10-04,16:00,USA,NWSL,Chicago Red Stars (w),Denver Summit Fc (w),2,29,20,51,16,53,31,84,60,45,53,47,0,0,0,0,0,Chicago Red Stars - women team,2007,USA,http://www.chicagoredstars.com,,n\a,n\a,USA,n\a,,https://www.statarea.com/compare/teams/Chicago+Red+Stars+%28w%29 (USA)/Denver+Summit+Fc+%28w%29 (USA)
1740772,2026-10-04,19:00,USA,NWSL,Houston Dash (w),Washington Spirit (w),2,30,26,44,32,40,28,77,58,32,59,41,0,0,0,0,0,Houston Dash women's soccer team,2013,USA,http://www.houstondynamo.com,,Washington Spirit - women team,2012 (2011 as,USA,http://www.washingtonspirit.com,,https://www.statarea.com/compare/teams/Houston+Dash+%28w%29 (USA)/Washington+Spirit+%28w%29 (USA)
1739789,2026-10-04,08:00,Russia,SECOND LEAGUE DIVISION A GOLD GROUP FIRST STAGE,Alania Vladikavkaz,Sokol Saratov,1X,46,30,24,36,43,21,74,41,28,53,47,0,0,0,0,0,Alania Vladikavkaz Football Club,1921,Russia,n\a,,Professional Football Club Sokol Saratov,1930,Russia,http://www.sokol-saratov.ru,,https://www.statarea.com/compare/teams/Alania+Vladikavkaz (Russia)/Sokol+Saratov (Russia)
1739790,2026-10-04,06:00,Russia,SECOND LEAGUE DIVISION A GOLD GROUP FIRST STAGE,FK Novosibirsk,Dinamo Bryansk,1,47,27,26,35,39,26,74,59,36,55,45,0,0,0,0,0,Football Club Novosibirsk,10 June 2019,Russia,http://www.fcnsk.com,,"Football Club, Dynamo Bryansk",1931,Russia,http://www.fkdb.ru,,https://www.statarea.com/compare/teams/FK+Novosibirsk (Russia)/Dinamo+Bryansk (Russia)
1739791,2026-10-04,09:00,Russia,SECOND LEAGUE DIVISION A GOLD GROUP FIRST STAGE,Mashuk-KMV,Dinamo Kirov,X2,25,38,37,25,41,34,61,34,17,38,62,0,0,0,0,0,"Football Club, Mashuk-KMV Pyatigorsk",1920s,Russia,http://www.mashuk-kmv.ru,,Football Club Dynamo Kirov,1923,Russia,http://www.fcdinamokirov.ru,,https://www.statarea.com/compare/teams/Mashuk-KMV (Russia)/Dinamo+Kirov (Russia)
1739798,2026-10-04,06:00,Spain,PRIMERA FEDERACION - GROUP 1,Athletic Club B,CD Extremadura,1X,49,33,18,40,43,17,76,52,30,63,37,0,0,0,0,0,Athletic Club B team (second team),1964,Spain,http://www.athletic-club.net,,n\a,n\a,Spain,n\a,,https://www.statarea.com/compare/teams/Athletic+Club+B (Spain)/CD+Extremadura (Spain)
1739799,2026-10-04,06:00,Spain,PRIMERA FEDERACION - GROUP 1,Logrones CF,Deportivo Fabril,1X,53,31,16,37,38,25,76,53,37,44,56,0,0,0,0,0,Logroñés Club de Fútbol,2000,Spain,n\a,,Real Club Deportivo Fabril - reserve team of Deportivo La Coruna,1906 (first team),Spain,http://www.rcdeportivo.es,,https://www.statarea.com/compare/teams/Logrones+CF (Spain)/Deportivo+Fabril (Spain)
1739800,2026-10-04,10:30,Spain,PRIMERA FEDERACION - GROUP 1,Ponferradina,Mirandes,X,36,36,28,28,44,28,70,52,37,55,45,0,0,0,0,0,"Sociedad Deportiva Ponferradina, S.A.D.",1922,Spain,http://www.sdponferradina.com,,Club Deportivo Mirandés,1927,Spain,http://www.cdmirandes.com,,https://www.statarea.com/compare/teams/Ponferradina (Spain)/Mirandes (Spain)
1739803,2026-10-04,12:45,Spain,PRIMERA FEDERACION - GROUP 1,Merida UD,Cacereno,X2,34,30,36,24,48,28,82,51,30,58,42,0,0,0,0,0,Mérida Unión Deportiva,1990,Spain,http://www.meridauniondeportiva.com,,Club Polideportivo Cacereño,1919,Spain,http://www.cpcsad.com,,https://www.statarea.com/compare/teams/Merida+UD (Spain)/Cacereno (Spain)
1739830,2026-10-04,08:00,Norway,1. DIVISION KVINNER,Kolbotn (w),Klepp (w),1,60,16,24,35,55,10,94,78,59,53,47,0,0,0,0,0,Kolbotn IL Fotball - women team,1915 (first team),Norway,n\a,,Klepp Idrettslag - women team,1 October 1919 (first team),Norway,http://www.kleppkvinner.no,,https://www.statarea.com/compare/teams/Kolbotn+%28w%29 (Norway)/Klepp+%28w%29 (Norway)
1739907,2026-10-04,01:00,South Korea,K3 LEAGUE,Mokpo City,Busan Transportation,X2,26,32,42,25,39,36,78,51,29,66,34,0,0,1,0,0,"Mokpo City Football Club, 목포시청 축구단",24 December 2009,South Korea,http://www.mifc.co.kr,,"Busan Transportation Corporation Football Club, 부산교통공사 축구단",2006,South Korea,http://www.football.subway.busan.kr,,https://www.statarea.com/compare/teams/Mokpo+City (South Korea)/Busan+Transportation (South Korea)
1739980,2026-10-04,09:00,Belgium,FIRST NATIONAL DIVISION VV,Royal Knokke,Oh Leuven (u23),1,47,26,27,34,31,35,91,74,52,70,30,1,0,0,0,0,Royal Knokke Football Club,1905,Belgium,http://www.rkfc.be,,n\a,n\a,Belgium,n\a,,https://www.statarea.com/compare/teams/Royal+Knokke (Belgium)/Oh+Leuven+%28u23%29 (Belgium)
1739981,2026-10-04,09:00,Belgium,FIRST NATIONAL DIVISION VV,Tienen,KFC Merelbeke,1,44,28,28,37,32,31,88,62,42,70,30,0,0,0,1,0,Koninklijke Voetbal Klub Tienen,1921,Belgium,http://www.kvktienen.be,,n\a,n\a,Belgium,n\a,,https://www.statarea.com/compare/teams/Tienen (Belgium)/KFC+Merelbeke (Belgium)
1739991,2026-10-04,04:15,Czech Republic,CFL GRP. A,Bohemians 1905 B,Pisek,1X,42,33,25,34,36,30,90,70,44,67,33,0,0,0,0,1,Bohemians 1905 - second team,1905,Czech Republic,http://www.fc-bohemians.cz,,FC Písek,1908,Czech Republic,http://www.fcpisek.cz,,https://www.statarea.com/compare/teams/Bohemians+1905+B (Czech Republic)/Pisek (Czech Republic)
1740001,2026-10-04,01:00,Japan,J. LEAGUE 3,Kamatamare Sanuki,Tochigi SC,X2,31,30,39,23,49,28,76,58,38,55,45,0,0,0,0,1,Kamatamare Sanuki,1956,Japan,http://www.kamatamare.jp,,Tochigi Soccer Club,1953,Japan,http://www.tochigisc.jp,,https://www.statarea.com/compare/teams/Kamatamare+Sanuki (Japan)/Tochigi+SC (Japan)
1740002,2026-10-04,05:00,Japan,J. LEAGUE 3,Kagoshima United,Fukushima United,1,62,23,15,43,37,20,78,60,39,61,39,0,1,0,0,0,Kagoshima United FC,2014,Japan,http://www.kagoshimaunited.com,,Fukushima United Football Club,1977,Japan,http://www.fukushimaunited.com,,https://www.statarea.com/compare/teams/Kagoshima+United (Japan)/Fukushima+United (Japan)
1740011,2026-10-04,08:00,Russia,SECOND LEAGUE DIVISION B GRP. 2,Luki-Energiya,Smolensk,1,65,22,13,50,37,13,80,63,30,48,52,0,0,0,0,0,Football Club Luki-Energiya Velikiye Luki,1991,Russia,n\a,,Football Club Smolensk,2018,Russia,n\a,,https://www.statarea.com/compare/teams/Luki-Energiya (Russia)/Smolensk (Russia)
1740039,2026-10-04,11:00,Spain,SEGUNDA FEDERACION - GROUP 2,Arnedo,CD Ebro,2,24,25,51,15,43,42,69,48,31,43,57,0,0,0,0,0,n\a,n\a,Spain,n\a,,Club Deportivo Ebro,1961,Spain,http://www.cdebro.es,,https://www.statarea.com/compare/teams/Arnedo (Spain)/CD+Ebro (Spain)
1740040,2026-10-04,11:00,Spain,SEGUNDA FEDERACION - GROUP 2,Barbastro,Utebo,1,49,28,23,34,40,26,75,49,18,49,51,0,0,0,0,0,Unión Deportiva Barbastro,1947,Spain,http://www.udbarbastro.com,,n\a,n\a,Spain,n\a,,https://www.statarea.com/compare/teams/Barbastro (Spain)/Utebo (Spain)
1740044,2026-10-04,12:00,Spain,SEGUNDA FEDERACION - GROUP 2,Terrassa,Girona B,1X,45,30,25,34,43,23,69,51,29,45,55,0,0,0,0,0,"Terrassa Olímpica 2010, S.A.D.",1906 (reformed in 2010),Spain,http://www.terrassafcsad.com,,n\a,n\a,Spain,n\a,,https://www.statarea.com/compare/teams/Terrassa (Spain)/Girona+B (Spain)
1740077,2026-10-04,05:00,Spain,SEGUNDA FEDERACION - GROUP 3,Deportiva Minera,La Nucia,X2,36,33,31,26,44,30,61,37,22,34,66,0,0,1,0,0,n\a,n\a,Spain,n\a,,Club de Fútbol La Nucía,1995,Spain,http://www.cflanucia.es,,https://www.statarea.com/compare/teams/Deportiva+Minera (Spain)/La+Nucia (Spain)
1740080,2026-10-04,06:00,Spain,SEGUNDA FEDERACION - GROUP 3,Atletico Baleares,Poblense,1,51,26,23,34,44,22,68,45,29,44,56,0,0,0,0,0,Club Deportivo Atlético Baleares,1942,Spain,http://www.cdatb.com,,Unión Deportiva Poblense,1935,Spain,n\a,,https://www.statarea.com/compare/teams/Atletico+Baleares (Spain)/Poblense (Spain)
1740081,2026-10-04,06:00,Spain,SEGUNDA FEDERACION - GROUP 3,CF Intercity,Yeclano,X,40,32,28,32,49,19,70,39,22,48,52,0,0,0,0,0,Club de Fútbol Intercity,2017,Spain,http://www.cfintercity.com,,Yeclano Deportivo,2004,Spain,http://www.yeclanodeportivo.com,,https://www.statarea.com/compare/teams/CF+Intercity (Spain)/Yeclano (Spain)
1740082,2026-10-04,06:00,Spain,SEGUNDA FEDERACION - GROUP 3,Mallorca B,Alcoyano,2,34,29,37,22,51,27,67,44,20,31,69,0,0,0,0,0,"Real Club Deportivo Mallorca, S.A.D. - second team",1967 (furst team),Spain,http://www.rcdmallorca.es,,Club Deportivo Alcoyano,1929,Spain,http://www.cdalcoyano.com,,https://www.statarea.com/compare/teams/Mallorca+B (Spain)/Alcoyano (Spain)
1740093,2026-10-04,04:15,Czech Republic,MSFL,Unicov,Polanka Nad Odrou,1,63,25,12,49,36,15,94,64,41,70,30,0,0,0,0,0,SK Uničov,1935,Czech Republic,http://www.fotbalunicov.cz,,n\a,n\a,Czech Republic,n\a,,https://www.statarea.com/compare/teams/Unicov (Czech Republic)/Polanka+Nad+Odrou (Czech Republic)
1740130,2026-10-04,06:00,Spain,SEGUNDA FEDERACION - GROUP 5,RSD Alcala,Navalcarnero,1,50,27,23,37,38,25,73,53,28,50,50,1,0,0,1,0,Real Sociedad Deportiva Alcalá,1929,Spain,http://www.rsdalcala.com,,Club Deportivo Artístico Navalcarnero,1961,Spain,http://www.cdanavalcarnero.com,,https://www.statarea.com/compare/teams/RSD+Alcala (Spain)/Navalcarnero (Spain)
1740131,2026-10-04,06:00,Spain,SEGUNDA FEDERACION - GROUP 5,Getafe B,Numancia,X2,26,33,41,20,39,41,76,39,18,45,55,0,0,1,1,0,"Getafe Club de Fútbol B, S.A.D. - second team",1983 (first team),Spain,http://www.getafecf.com,,"Club Deportivo Numancia de Soria, S.A.D.",1945,Spain,http://www.cdnumancia.com,,https://www.statarea.com/compare/teams/Getafe+B (Spain)/Numancia (Spain)
1740133,2026-10-04,06:00,Spain,SEGUNDA FEDERACION - GROUP 5,San Sebastian De Los Reyes,Real Avila,1X,43,31,26,39,39,22,73,47,21,46,54,1,0,0,1,0,Unión Deportiva San Sebastián de los Reyes,1971,Spain,http://www.ud-sanse.com,,n\a,n\a,Spain,n\a,,https://www.statarea.com/compare/teams/San+Sebastian+De+Los+Reyes (Spain)/Real+Avila (Spain)
1740153,2026-10-04,08:00,Denmark,2. DIVISION,Thisted FC,Roskilde,2,21,27,52,23,37,40,84,58,34,55,45,0,0,0,1,0,Thisted Fodbold Club,1989,Denmark,http://www.thistedfc.dk,,Football Club Roskilde,2004,Denmark,http://www.fc-roskilde.dk,,https://www.statarea.com/compare/teams/Thisted+FC (Denmark)/Roskilde (Denmark)
1740197,2026-10-04,09:00,Italy,SERIE D GRP. A,Biellese,Gozzano,1X,48,30,22,31,50,19,75,44,32,48,52,0,0,0,0,0,Associazione Sportiva Junior Biellese Libertas,1902,Italy,n\a,,A.C. Gozzano S.r.l.,1924,Italy,http://www.acgozzano.it,,https://www.statarea.com/compare/teams/Biellese (Italy)/Gozzano (Italy)
1740199,2026-10-04,09:00,Italy,SERIE D GRP. A,Celle Varazze,Chisola,2,34,27,39,24,49,27,74,42,24,49,51,0,0,0,0,0,n\a,n\a,Italy,n\a,,n\a,n\a,Italy,n\a,,https://www.statarea.com/compare/teams/Celle+Varazze (Italy)/Chisola (Italy)
1740200,2026-10-04,09:00,Italy,SERIE D GRP. A,Derthona,Alessandria,X,40,32,28,27,49,24,71,46,20,45,55,0,0,0,1,1,Derthona Foot-Ball Club 1908,1908,Italy,http://www.derthona.it,,Unione Sportiva Alessandria Calcio 1912,1912,Italy,http://www.alessandriacalcio.it,,https://www.statarea.com/compare/teams/Derthona (Italy)/Alessandria (Italy)
1740202,2026-10-04,09:00,Italy,SERIE D GRP. A,SCD Ligorna,ACSD Saluzzo,1,46,28,26,30,48,22,75,58,40,56,44,0,0,0,0,0,Sport Club Dilettantistico Ligorna,1922,Italy,n\a,,Associazione Calcio Sportiva Dilettantistica Saluzzo,1901,Italy,http://www.saluzzocalcio.it,,https://www.statarea.com/compare/teams/SCD+Ligorna (Italy)/ACSD+Saluzzo (Italy)
1740203,2026-10-04,09:00,Italy,SERIE D GRP. A,Sanremese,AC Bra,1X,47,32,21,32,49,19,68,50,18,52,48,0,0,0,1,0,Unione Sportiva Sanremese Calcio 1904,1904,Italy,n\a,,Associazione Calcio Bra s.r.l.,1913,Italy,http://www.acbrasrl.it,,https://www.statarea.com/compare/teams/Sanremese (Italy)/AC+Bra (Italy)
1740204,2026-10-04,09:00,Italy,SERIE D GRP. A,US Fezzanese,Valenzana,1X,44,30,26,35,45,20,78,51,35,54,46,0,0,1,0,0,U.S.D. Fezzanese Calcio 1930,1930,Italy,http://www.fezzanese.it,,Valenzana Calcio srl,1906,Italy,n\a,,https://www.statarea.com/compare/teams/US+Fezzanese (Italy)/Valenzana (Italy)
1740289,2026-10-04,09:00,Italy,SERIE D GRP. B,Brusaporto,Palazzolo,1,47,24,29,32,49,19,65,45,30,43,57,0,0,0,0,0,A.S.D. Calcio Brusaporto,1972,Italy,http://www.calciobrusaporto.com,,ASD Pro Palazzolo,1913 (2013),Italy,n\a,,https://www.statarea.com/compare/teams/Brusaporto (Italy)/Palazzolo (Italy)
1740294,2026-10-04,09:00,Italy,SERIE D GRP. B,Piacenza,Scanzorosciate,1,62,23,15,40,48,12,74,49,29,46,54,0,0,0,0,0,Piacenza Calcio SpA,1919,Italy,http://www.piacenzacalcio.it,,U.S.D. Scanzorosciate Calcio,1967,Italy,http://www.usdscanzorosciatecalcio.it,,https://www.statarea.com/compare/teams/Piacenza (Italy)/Scanzorosciate (Italy)
1740295,2026-10-04,09:00,Italy,SERIE D GRP. B,Rovato Vertovese,Real Calepina,X2,37,32,31,26,49,25,73,46,30,50,50,0,0,0,0,0,n\a,n\a,Italy,n\a,,SSD Real Calepina,2020,Italy,n\a,,https://www.statarea.com/compare/teams/Rovato+Vertovese (Italy)/Real+Calepina (Italy)
1740296,2026-10-04,09:00,Italy,SERIE D GRP. B,Villa dAlme,Fiorenzuola,1,50,29,21,37,44,19,69,49,21,43,57,0,0,0,0,0,Villa d'Alme Valbrembana,2012,Italy,http://www.villavalle.com,,Unione Sportiva Fiorenzuola 1922,1922,Italy,http://www.usfiorenzuola.it,,https://www.statarea.com/compare/teams/Villa+dAlme (Italy)/Fiorenzuola (Italy)
1740297,2026-10-04,09:00,Italy,SERIE D GRP. B,Virtus Ciseranobergamo,Virtus Verona,X,35,36,29,25,50,25,75,47,27,56,44,0,0,0,0,0,n\a,n\a,Italy,n\a,,Virtus Vecomp Verona,1921,Italy,http://www.usvirtusbv.it,,https://www.statarea.com/compare/teams/Virtus+Ciseranobergamo (Italy)/Virtus+Verona (Italy)
1740353,2026-10-04,09:00,Italy,SERIE D GRP. C,Brian Lignano,Luparense,X2,25,34,41,20,46,34,75,45,29,53,47,0,0,0,0,0,n\a,n\a,Italy,n\a,,Luparense Football Club,1933,Italy,http://www.calcio.luparensefc.com,,https://www.statarea.com/compare/teams/Brian+Lignano (Italy)/Luparense (Italy)
1740356,2026-10-04,09:00,Italy,SERIE D GRP. C,Este,Conegliano Calcio,2,38,26,36,27,49,24,66,36,18,38,62,0,0,0,0,0,Associazione Calcio Este 1920,1920,Italy,http://www.aceste1920.com,,n\a,n\a,Italy,n\a,,https://www.statarea.com/compare/teams/Este (Italy)/Conegliano+Calcio (Italy)
1740357,2026-10-04,09:00,Italy,SERIE D GRP. C,Legnago Salus,Bassano,1X,42,34,24,31,49,20,70,40,20,55,45,0,0,0,0,0,Football Club Legnago Salus Società Sportiva Dilettantistica a r.l.,1921,Italy,http://www.aclegnagosalus.it,,n\a,n\a,Italy,n\a,,https://www.statarea.com/compare/teams/Legnago+Salus (Italy)/Bassano (Italy)
1740358,2026-10-04,09:00,Italy,SERIE D GRP. C,Mestre,Campodarsego,1,47,29,24,33,49,18,71,48,25,53,47,0,0,0,0,0,Associazione Calcio Mestre,1929,Italy,n\a,,ACD Campodarsego,1974,Italy,http://www.campodarsegocalcio.it,,https://www.statarea.com/compare/teams/Mestre (Italy)/Campodarsego (Italy)
1740359,2026-10-04,06:30,Italy,SERIE D GRP. C,Triestina,FC Obermais,1,47,27,26,33,46,21,73,51,35,48,52,0,0,0,0,0,"Unione Sportiva Triestina, Calcio SpA",1918,Italy,http://www.triestinacalcio.it,,Football Club Obermais,1972,Italy,http://www.fcobermais.it,,https://www.statarea.com/compare/teams/Triestina (Italy)/FC+Obermais (Italy)
1740360,2026-10-04,09:30,Italy,SERIE D GRP. C,Virtus Bolzano,Calvi Noale,12,44,26,30,31,49,20,73,50,25,46,54,0,0,0,0,0,AC Virtus Bolzano,n\a,Italy,http://www.acvirtusbolzano.com,,n\a,n\a,Italy,n\a,,https://www.statarea.com/compare/teams/Virtus+Bolzano (Italy)/Calvi+Noale (Italy)
1740380,2026-10-04,07:00,Sweden,ETTAN NORRA,Vasalunds IF,FC Arlanda,X2,34,31,35,28,39,33,81,59,45,62,38,0,0,0,1,0,Vasalunds Idrottsförening,1934,Sweden,http://www.vasalundsif.se,,Football Club Arlanda,2004,Sweden,http://www.arlandafotboll.se,,https://www.statarea.com/compare/teams/Vasalunds+IF (Sweden)/FC+Arlanda (Sweden)
1740386,2026-10-04,09:00,Italy,SERIE D GRP. D,ASD Varesina,Pro Patria,2,23,27,50,17,47,36,77,57,35,56,44,0,0,0,0,0,n\a,n\a,Italy,n\a,,Aurora Pro Patria 1919 S.r.l.,1919,Italy,http://www.aurorapropatria1919.it,,https://www.statarea.com/compare/teams/ASD+Varesina (Italy)/Pro+Patria (Italy)
1740387,2026-10-04,09:00,Italy,SERIE D GRP. D,Arconatese,Pro Sesto,2,19,26,55,17,43,40,73,53,27,54,46,0,0,0,0,0,G.S. Arconatese Calcio 1926,1926,Italy,http://www.gsarconatese.it,,Associazione Sportiva Dilettantistica Nuova Pro Sesto,1913,Italy,http://www.prosesto.it,,https://www.statarea.com/compare/teams/Arconatese (Italy)/Pro+Sesto (Italy)
1740389,2026-10-04,09:00,Italy,SERIE D GRP. D,Correggese,Pavia,1X,42,30,28,30,49,21,75,50,25,52,48,0,0,0,0,0,Società Sportiva Dilettantistica Correggese Calcio 1948,1948,Italy,http://www.correggese.it,,Associazione Calcio Pavia SRL,1911,Italy,http://www.paviacalcio.it,,https://www.statarea.com/compare/teams/Correggese (Italy)/Pavia (Italy)
1740391,2026-10-04,09:00,Italy,SERIE D GRP. D,FBC Oltrepo,Lentigione,2,21,25,54,17,47,36,77,51,21,49,51,0,0,0,0,0,A.S.D. Oltrepò FBC,1922,Italy,http://www.oltrepofbc.it,,Lentigione Clacio,1948,Italy,http://www.lentigionecalcio.com,,https://www.statarea.com/compare/teams/FBC+Oltrepo (Italy)/Lentigione (Italy)
1740393,2026-10-04,09:00,Italy,SERIE D GRP. D,Santangelo,Castellanzese,X,39,42,19,24,61,15,74,43,28,57,43,0,0,0,0,0,n\a,n\a,Italy,n\a,,U.S.D. Castellanzese,1921,Italy,http://www.castellanzese.com,,https://www.statarea.com/compare/teams/Santangelo (Italy)/Castellanzese (Italy)
1740394,2026-10-04,09:00,Italy,SERIE D GRP. D,Union ASD Casatese,Pistoiese,X2,28,30,42,23,48,29,67,47,29,50,50,0,0,0,0,0,n\a,n\a,Italy,n\a,,"Associazione Calcio Pistoiese, SpA",1921,Italy,http://www.acpistoiesecalcio.it,,https://www.statarea.com/compare/teams/Union+ASD+Casatese (Italy)/Pistoiese (Italy)
1740427,2026-10-04,09:00,Italy,SERIE D GRP. E,Flaminia,Gavorrano,X,37,36,27,27,49,24,78,45,27,57,43,0,0,0,0,0,Associazione Sportiva Dilettantistica Flaminia Civita Castellana,2008,Italy,n\a,,Unione Sportiva Gavorrano S.R.L.,1930,Italy,http://www.gavorranocalcio.it,,https://www.statarea.com/compare/teams/Flaminia (Italy)/Gavorrano (Italy)
1740432,2026-10-04,09:00,Italy,SERIE D GRP. E,Sasso Marconi,Scandicci,X2,27,35,38,25,49,26,76,46,23,60,40,0,0,0,0,0,A.S.D. Sasso Marconi,1924,Italy,n\a,,Club Sportivo Scandicci,1908,Italy,http://www.scandiccicalcio.it,,https://www.statarea.com/compare/teams/Sasso+Marconi (Italy)/Scandicci (Italy)
1740434,2026-10-04,09:00,Italy,SERIE D GRP. E,Ternana,Aquila Montevarchi,1X,47,30,23,32,48,20,72,44,21,45,55,0,0,0,0,0,Ternana Calcio SpA,1925,Italy,http://www.ternanacalcio.com,,Aquila 1902 Montevarchi Calcio,1902,Italy,http://www.aquilamontevarchi.it,,https://www.statarea.com/compare/teams/Ternana (Italy)/Aquila+Montevarchi (Italy)
1740456,2026-10-04,09:00,Italy,SERIE D GRP. F,Recanatese,Maceratese,1,47,29,24,32,49,19,78,48,30,47,53,0,0,0,1,0,Unione Sportiva Dilettantistica Recanatese 1923,1923,Italy,http://www.usrecanatese.eu,,Società Sportiva Maceratese,1922,Italy,http://www.ssmaceratese.it,,https://www.statarea.com/compare/teams/Recanatese (Italy)/Maceratese (Italy)
1740458,2026-10-04,09:00,Italy,SERIE D GRP. F,Teramo,Senigallia,1X,43,33,24,33,46,21,84,64,41,68,32,0,0,0,0,0,Società Sportiva Dilettantistica Teramo Calcio srl,1913,Italy,http://www.teramocalcio.it,,n\a,n\a,Italy,n\a,,https://www.statarea.com/compare/teams/Teramo (Italy)/Senigallia (Italy)
1740500,2026-10-04,09:00,Italy,SERIE D GRP. G,Trastevere,Citta di Anagni,1,55,22,23,39,47,14,84,59,37,55,45,0,0,0,0,0,Trastevere Calcio ASD,1934,Italy,http://www.trasteverecalcio.it,,ASD Città di Anagni Calcio,n\a,Italy,http://www.asdcittadianagni.it,,https://www.statarea.com/compare/teams/Trastevere (Italy)/Citta+di+Anagni (Italy)
1740505,2026-10-04,09:00,Italy,SERIE D GRP. G,Latte Dolce,Sarrabus Ogliastra,1X,41,31,28,32,49,19,75,45,25,50,50,0,0,0,0,0,Unione Sportiva Dilettantistica Latte Dolce,1973,Italy,n\a,,n\a,n\a,Italy,n\a,,https://www.statarea.com/compare/teams/Latte+Dolce (Italy)/Sarrabus+Ogliastra (Italy)
1740506,2026-10-04,09:30,Italy,SERIE D GRP. G,Sarnese 1926,Paganese,1X,50,36,14,28,60,12,74,41,31,54,46,0,0,0,0,0,n\a,n\a,Italy,n\a,,Paganese Calcio 1926,1926,Italy,http://www.paganesecalcio.com,,https://www.statarea.com/compare/teams/Sarnese+1926 (Italy)/Paganese (Italy)
1740507,2026-10-04,09:00,Italy,SERIE D GRP. G,Unipomezia,Lodigiani,1,60,28,12,42,47,11,79,49,31,56,44,0,0,0,0,0,n\a,n\a,Italy,n\a,,A.S. Lodigiani Calcio,1972,Italy,n\a,,https://www.statarea.com/compare/teams/Unipomezia (Italy)/Lodigiani (Italy)
1740517,2026-10-04,09:00,Italy,SERIE D GRP. H,Brindisi,Real Normanna,X,39,35,26,26,48,26,73,48,33,54,46,0,0,0,0,0,SSD Città di Brindisi,7 March 1912,Italy,http://www.footballbrindisi.it,,n\a,n\a,Italy,n\a,,https://www.statarea.com/compare/teams/Brindisi (Italy)/Real+Normanna (Italy)
1740520,2026-10-04,09:30,Italy,SERIE D GRP. H,Gravina,Virtus Francavilla,X2,29,34,37,24,48,28,74,56,38,52,48,0,0,0,0,0,FBC Gravina,2016,Italy,http://www.fbcgravina.it,,Virtus Francavilla Calcio S.r.l.,1946,Italy,http://www.virtusfrancavillacalcio.it,,https://www.statarea.com/compare/teams/Gravina (Italy)/Virtus+Francavilla (Italy)
1740521,2026-10-04,09:00,Italy,SERIE D GRP. H,Ischia Isolaverde,Ebolitana,X2,36,34,30,26,48,26,81,54,33,57,43,0,0,0,0,0,Societa Sportiva Ischia Isolaverde s.r.l.,1922,Italy,http://www.ssischiaisolaverde.it,,Associazione Sportiva Calcio Ebolitana 1925,1925,Italy,http://www.ebolitana1925.it,,https://www.statarea.com/compare/teams/Ischia+Isolaverde (Italy)/Ebolitana (Italy)
1740522,2026-10-04,09:30,Italy,SERIE D GRP. H,Manfredonia,Bisceglie,1X,42,34,24,26,49,25,74,49,24,48,52,0,0,0,0,0,Associazione Sportiva Dilettantistica Manfredonia Football 1932,1932,Italy,http://www.manfredoniacalcio.com,,Associazione Sportiva Bisceglie s.r.l,1913,Italy,http://www.forzabisceglie.it,,https://www.statarea.com/compare/teams/Manfredonia (Italy)/Bisceglie (Italy)
1740524,2026-10-04,09:00,Italy,SERIE D GRP. H,Melfi,Nocerina,2,26,27,47,19,48,33,61,45,25,39,61,0,0,0,0,1,Associazione Sportiva Melfi SRL,1929,Italy,http://www.asmelfi.it,,Associazione Sportiva Giovanile Nocerina,1910,Italy,http://www.cittadinocera.it,,https://www.statarea.com/compare/teams/Melfi (Italy)/Nocerina (Italy)
1740531,2026-10-04,09:00,Italy,SERIE D GRP. I,Igea Virtus Barcellona,Nissa,1X,44,31,25,37,36,27,70,30,20,45,55,0,0,0,0,0,Football Club Igea Virtus Barcellona SRL,1945,Italy,http://www.igeavirtusbarcellona.it,,n\a,n\a,Italy,n\a,,https://www.statarea.com/compare/teams/Igea+Virtus+Barcellona (Italy)/Nissa (Italy)
1740532,2026-10-04,10:00,Italy,SERIE D GRP. I,Licata,Sambiase,2,32,29,39,25,49,26,70,48,27,47,53,0,0,0,0,0,Associazione Sportiva Dilettantistica Licata 1931,1931,Italy,http://www.licata1931.com,,n\a,n\a,Italy,n\a,,https://www.statarea.com/compare/teams/Licata (Italy)/Sambiase (Italy)
1740533,2026-10-04,09:00,Italy,SERIE D GRP. I,Milazzo,Siracusa,2,38,27,35,23,54,23,65,45,29,46,54,0,0,0,0,0,Società Sportiva Milazzo,1937,Italy,n\a,,Unione Sportiva Siracusa SRL,1924,Italy,http://www.siracusacalciosrl.it,,https://www.statarea.com/compare/teams/Milazzo (Italy)/Siracusa (Italy)
1740770,2026-10-04,19:00,Mexico,LIGA MX FEMENIL APERTURA GROUP A,Guadalajara-Chivas (w),FC Juarez (w),1,51,22,27,33,44,23,81,53,32,57,43,0,0,0,0,0,Club Deportivo Guadalajara S.A. de C.V. - women team,2016,Mexico,http://www.chivasdecorazon.com.mx,,Fútbol Club Juárez Femenil,"June 11, 2019",Mexico,http://www.fcjuarez.com,,https://www.statarea.com/compare/teams/Guadalajara-Chivas+%28w%29 (Mexico)/FC+Juarez+%28w%29 (Mexico)
1740771,2026-10-04,21:06,Mexico,LIGA MX FEMENIL APERTURA GROUP A,Pachuca (w),Toluca (w),1,57,19,24,36,31,33,93,70,53,67,33,0,0,0,0,0,Pachuca Club de Fútbol - women team,28 November 1901,Mexico,http://www.tuzos.com.mx,,Deportivo Toluca Fútbol Club S.A. de C.V. Femenil,2016,Mexico,http://www.tolucafc.com,,https://www.statarea.com/compare/teams/Pachuca+%28w%29 (Mexico)/Toluca+%28w%29 (Mexico)
1743816,2026-10-04,07:30,Russia,FIRST LEAGUE,Veles Moscow,Volga Ulyanovsk,1X,47,32,21,37,39,24,76,56,31,64,36,2,0,2,1,0,Football Club Veles Moscow,2016,Russia,http://www.fc-veles.ru,,Football Club Volga Ulyanovsk,1947,Russia,http://www.fcvu.ru,,https://www.statarea.com/compare/teams/Veles+Moscow (Russia)/Volga+Ulyanovsk (Russia)
