match_id,date,home_team,away_team,home_world_rank,away_world_rank,h2h_total_matches,h2h_home_wins,h2h_draws,h2h_away_wins,h2h_home_win_rate,h2h_draw_rate,h2h_away_rate,h2h_home_win_pct,h2h_draw_pct,h2h_away_win_pct,h2h_avg_goals,h2h_bts_rate_pct,home_recent_form_scores,away_recent_form_scores
1742225,2026-10-10,Real Madrid,Villarreal,7,25,53,30,17,6,56.6,32.1,11.3,56.6,32.1,11.3,3.15,60.4,0-0 | 2-1 | 3-1 | 2-3 | 0-4 | 4-1 | 2-1 | 3-0 | 3-0 | 1-0,3-1 | 1-3 | 1-2 | 3-2 | 2-3 | 1-0 | 2-2 | 2-2 | 1-2 | 1-0
1742224,2026-10-10,Barcelona,Getafe,3,91,46,32,10,4,69.6,21.7,8.7,69.6,21.7,8.7,2.8,41.3,1-3 | 7-2 | 2-4 | 5-1 | 0-5 | 5-2 | 2-0 | 0-5 | 2-1 | 2-5,1-0 | 1-0 | 1-1 | 1-1 | 1-0 | 2-1 | 1-0 | 3-1 | 3-0 | 1-1
1742223,2026-10-10,Deportivo Alaves,Atletico Madrid,,9,27,7,6,14,25.9,22.2,51.9,25.9,22.2,51.9,2.0,37.0,0-0 | 0-0 | 6-1 | 0-1 | 2-2 | 2-1 | 5-2 | 5-0 | 1-0 | 1-1,2-1 | 4-0 | 0-3 | 2-1 | 3-0 | 1-3 | 2-2 | 2-0 | 1-2 | 3-1
1742222,2026-10-10,Rayo Vallecano,Athletic Club,86,13,38,6,11,21,15.8,28.9,55.3,15.8,28.9,55.3,2.92,71.1,1-1 | 2-1 | 4-1 | 3-2 | 5-2 | 1-1 | 2-1 | 3-0 | 2-3 | 2-1,0-1 | 0-0 | 1-1 | 3-0 | 0-2 | 2-0 | 1-3 | 1-0 | 3-1 | 0-3
1742216,2026-10-10,FC Augsburg,Bayern Munich,68,6,36,6,2,28,16.7,5.6,77.8,16.7,5.6,77.8,3.44,58.3,2-2 | 3-2 | 2-2 | 1-1 | 1-4 | 1-2 | 3-0 | 1-2 | 0-2 | 3-1,7-0 | 1-2 | 5-0 | 0-0 | 1-4 | 5-1 | 1-2 | 2-4 | 3-1 | 1-2
1742218,2026-10-10,FSV Mainz 05,Bayer Leverkusen,34,8,41,12,7,22,29.3,17.1,53.7,29.3,17.1,53.7,3.0,53.7,3-4 | 1-3 | 0-5 | 0-0 | 0-9 | 2-1 | 4-0 | 3-3 | 1-0 | 3-0,2-0 | 2-0 | 2-2 | 4-0 | 3-2 | 0-4 | 1-2 | 2-1 | 2-1 | 3-0
1742221,2026-10-10,RB Leipzig,Eintracht Frankfurt,,31,23,9,8,6,39.1,34.8,26.1,39.1,34.8,26.1,2.78,56.5,2-0 | 5-0 | 4-1 | 3-1 | 3-0 | 0-6 | 3-1 | 2-0 | 4-0 | 1-0,2-2 | 1-3 | 1-4 | 3-3 | 0-11 | 7-0 | 1-5 | 2-0 | 0-1 | 3-0
1742219,2026-10-10,SC Paderborn 07,VfB Stuttgart,470,60,5,0,1,4,0.0,20.0,80.0,0.0,20.0,80.0,3.2,80.0,0-1 | 3-1 | 3-0 | 3-0 | 0-1 | 1-0 | 1-4 | 0-0 | 2-4 | 2-4,5-0 | 3-0 | 0-1 | 2-1 | 3-1 | 4-1 | 5-1 | 0-4 | 1-0 | 3-1
1742217,2026-10-10,1899 Hoffenheim,Hamburger SV,164,228,23,10,4,9,43.5,17.4,39.1,43.5,17.4,39.1,2.91,43.5,3-1 | 2-0 | 2-1 | 2-3 | 3-2 | 0-4 | 3-0 | 1-4 | 3-0 | 3-1,2-0 | 2-1 | 5-0 | 0-5 | 2-0 | 0-3 | 1-2 | 1-2 | 3-1 | 3-2
1742220,2026-10-10,Union Berlin,SV Elversberg,157,,10,2,2,6,20.0,20.0,60.0,20.0,20.0,60.0,4.4,70.0,0-1 | 7-0 | 1-3 | 4-0 | 3-3 | 2-4 | 2-4 | 2-2 | 2-1 | 2-1,0-0 | 1-2 | 2-1 | 3-4 | 1-4 | 3-2 | 4-1 | 1-3 | 1-1 | 4-1
1742212,2026-10-10,Chelsea,Bournemouth,23,32,21,12,5,4,57.1,23.8,19.0,57.1,23.8,19.0,2.52,42.9,3-0 | 2-2 | 6-3 | 2-1 | 4-3 | 2-0 | 2-3 | 3-1 | 3-3 | 3-0,0-1 | 1-2 | 2-2 | 4-0 | 2-2 | 0-1 | 1-1 | 2-1 | 2-1 | 2-2
1742211,2026-10-10,Aston Villa,Brentford,14,56,17,4,7,6,23.5,41.2,35.3,23.5,41.2,35.3,2.71,58.8,1-3 | 2-3 | 1-3 | 1-2 | 2-3 | 0-0 | 0-1 | 4-0 | 2-1 | 2-1,3-0 | 1-2 | 2-2 | 1-1 | 1-1 | 1-6 | 3-0 | 7-0 | 2-4 | 1-1
1742210,2026-10-10,Arsenal,Leeds,5,308,36,24,5,7,66.7,13.9,19.4,66.7,13.9,19.4,3.03,55.6,3-0 | 2-4 | 0-2 | 0-1 | 2-1 | 0-1 | 3-0 | 3-0 | 1-1 | 2-3,0-0 | 4-1 | 6-3 | 1-1 | 1-1 | 0-2 | 0-1 | 4-0 | 1-1 | 2-0
1742215,2026-10-10,Manchester Utd,Tottenham,55,53,74,45,14,15,60.8,18.9,20.3,60.8,18.9,20.3,2.78,48.6,1-1 | 2-3 | 0-1 | 4-0 | 2-2 | 5-2 | 2-0 | 4-2 | 1-1 | 1-1,2-3 | 3-1 | 0-0 | 0-0 | 0-2 | 5-1 | 3-0 | 3-0 | 1-1 | 1-2
1742213,2026-10-10,Ipswich,Fulham,444,46,16,5,5,6,31.2,31.2,37.5,31.2,31.2,37.5,2.44,62.5,1-0 | 2-4 | 2-3 | 0-2 | 5-2 | 3-1 | 2-1 | 2-4 | 3-0 | 1-0,1-1 | 2-3 | 0-0 | 2-3 | 1-0 | 3-0 | 2-3 | 1-0 | 2-2 | 1-2
1742214,2026-10-10,Sunderland,Brighton,537,,6,1,2,3,16.7,33.3,50.0,16.7,33.3,50.0,1.5,33.3,5-3 | 1-0 | 0-2 | 1-0 | 1-1 | 1-0 | 2-1 | 2-1 | 0-2 | 1-0,3-0 | 2-3 | 0-5 | 1-1 | 4-3 | 4-0 | 4-0 | 0-0 | 1-0 | 3-0
1742232,2026-10-10,Inter,Parma,2,427,59,27,16,16,45.8,27.1,27.1,45.8,27.1,27.1,2.76,54.2,2-2 | 5-3 | 2-1 | 3-2 | 0-1 | 4-1 | 1-0 | 1-2 | 1-1 | 1-2,2-1 | 2-1 | 1-1 | 0-2 | 2-0 | 0-1 | 2-0 | 0-2 | 1-1 | 1-1
1742231,2026-10-10,Genoa,Fiorentina,113,30,41,5,20,16,12.2,48.8,39.0,12.2,48.8,39.0,2.54,56.1,2-0 | 2-1 | 1-0 | 1-1 | 1-4 | 1-0 | 0-2 | 4-1 | 0-1 | 10-1,1-1 | 3-0 | 2-4 | 1-2 | 0-3 | 4-0 | 4-1 | 1-1 | 2-2 | 0-1
1742233,2026-10-10,Napoli,Frosinone,12,326,13,9,3,1,69.2,23.1,7.7,69.2,23.1,7.7,3.54,69.2,1-1 | 1-0 | 0-1 | 3-2 | 1-2 | 0-2 | 6-2 | 1-1 | 2-1 | 2-0,2-0 | 1-1 | 3-2 | 1-1 | 0-3 | 0-1 | 4-1 | 1-2 | 2-2 | 1-1
1742230,2026-10-10,Paris Saint Germain,Le Mans,4,649,16,11,3,2,68.8,18.8,12.5,68.8,18.8,12.5,2.38,37.5,1-2 | 0-1 | 6-1 | 1-2 | 2-2 | 2-2 | 1-0 | 2-1 | 1-1 | 3-0,3-1 | 2-1 | 2-2 | 1-1 | 3-2 | 2-2 | 0-1 | 0-0 | 1-1 | 2-3
1742229,2026-10-10,Monaco,Toulouse,36,146,48,22,17,9,45.8,35.4,18.8,45.8,35.4,18.8,2.46,52.1,2-0 | 2-1 | 1-1 | 1-2 | 2-0 | 4-1 | 0-1 | 2-3 | 2-0 | 2-3,3-2 | 2-2 | 0-1 | 2-2 | 0-2 | 1-2 | 3-0 | 2-1 | 1-1 | 2-1
1742226,2026-10-10,Lille,Le Havre,33,573,20,11,6,3,55.0,30.0,15.0,55.0,30.0,15.0,2.35,45.0,2-1 | 2-0 | 2-3 | 0-1 | 2-2 | 0-2 | 1-1 | 3-6 | 2-1 | 3-0,3-2 | 0-0 | 1-2 | 1-1 | 0-1 | 0-1 | 1-0 | 2-1 | 1-2 | 0-2
1742227,2026-10-10,Stade Brestois 29,Angers,90,,26,15,5,6,57.7,19.2,23.1,57.7,19.2,23.1,1.92,34.6,2-1 | 0-1 | 1-2 | 2-2 | 2-2 | 1-1 | 1-2 | 1-0 | 4-0 | 3-3,2-0 | 0-0 | 1-2 | 1-3 | 0-2 | 3-2 | 2-1 | 2-3 | 2-1 | 3-1
1742228,2026-10-10,Lorient,Paris FC,395,,11,6,3,2,54.5,27.3,18.2,54.5,27.3,18.2,2.73,54.5,2-1 | 2-2 | 0-1 | 1-2 | 0-0 | 4-1 | 2-1 | 5-1 | 0-2 | 1-0,2-1 | 0-0 | 2-3 | 3-0 | 0-0 | 3-2 | 4-0 | 2-2 | 2-2 | 0-1
1744082,2026-10-10,Club America,Monterrey,59,142,67,25,19,23,37.3,28.4,34.3,37.3,28.4,34.3,2.54,53.7,2-0 | 0-0 | 2-4 | 1-0 | 2-2 | 1-2 | 4-3 | 1-2 | 1-0 | 3-3,2-1 | 4-2 | 1-0 | 0-0 | 2-0 | 1-3 | 2-1 | 2-0 | 6-1 | 2-1
1744081,2026-10-10,Atlas,Guadalajara-Chivas,574,235,65,19,16,30,29.2,24.6,46.2,29.2,24.6,46.2,2.45,52.3,2-3 | 1-1 | 5-2 | 1-1 | 1-3 | 0-2 | 2-1 | 1-2 | 2-0 | 3-1,2-0 | 0-2 | 2-2 | 3-0 | 0-3 | 1-1 | 5-2 | 0-1 | 1-2 | 0-1
1744079,2026-10-10,FC Juarez,Club Tijuana,632,548,15,4,5,6,26.7,33.3,40.0,26.7,33.3,40.0,2.33,53.3,1-0 | 2-1 | 1-0 | 2-0 | 1-1 | 2-1 | 0-2 | 1-1 | 4-0 | 2-1,2-3 | 2-2 | 1-2 | 0-1 | 2-0 | 5-2 | 2-1 | 3-1 | 1-0 | 2-0
1744080,2026-10-10,Queretaro FC,Atlante,,,6,1,0,5,16.7,0.0,83.3,16.7,0.0,83.3,2.67,66.7,0-2 | 1-1 | 0-1 | 1-3 | 1-2 | 0-0 | 3-2 | 1-2 | 0-1 | 1-2,4-2 | 1-1 | 0-3 | 1-1 | 1-1 | 2-0 | 0-0 | 3-1 | 4-0 | 0-1
1743976,2026-10-10,Sao Paulo,Vitoria,84,181,26,21,0,5,80.8,0.0,19.2,80.8,0.0,19.2,3.0,53.8,2-0 | 1-2 | 1-0 | 1-1 | 2-0 | 1-0 | 2-0 | 2-1 | 1-0 | 3-1,4-0 | 1-3 | 2-2 | 1-0 | 0-2 | 2-1 | 1-0 | 0-2 | 1-0 | 2-0
1742394,2026-10-10,Krasnodar,Zenit,225,64,32,4,8,20,12.5,25.0,62.5,12.5,25.0,62.5,3.0,59.4,0-3 | 0-0 | 1-1 | 2-2 | 1-0 | 0-1 | 0-1 | 1-0 | 1-2 | 1-1,2-3 | 2-1 | 1-2 | 3-0 | 0-1 | 2-0 | 3-0 | 1-2 | 1-0 | 0-3
1742393,2026-10-10,Krylya Sovetov,Spartak Moscow,566,244,46,8,7,31,17.4,15.2,67.4,17.4,15.2,67.4,2.63,45.7,1-1 | 2-1 | 2-2 | 3-3 | 0-3 | 0-0 | 1-4 | 0-2 | 1-2 | 1-1,1-0 | 3-0 | 2-1 | 3-1 | 1-1 | 2-0 | 1-1 | 1-2 | 1-2 | 5-1
1742392,2026-10-10,Fakel Voronezh,Lokomotiv Moscow,,218,7,1,0,6,14.3,0.0,85.7,14.3,0.0,85.7,2.86,42.9,1-0 | 1-0 | 2-2 | 3-1 | 1-1 | 0-1 | 0-0 | 2-1 | 1-0 | 0-0,1-1 | 2-1 | 0-1 | 0-0 | 0-1 | 3-2 | 1-0 | 1-1 | 0-0 | 1-1
1742391,2026-10-10,Orenburg,FK Makhachkala,,,4,1,1,2,25.0,25.0,50.0,25.0,25.0,50.0,2.25,75.0,3-2 | 0-0 | 1-0 | 2-2 | 1-1 | 1-1 | 0-0 | 1-4 | 1-1 | 1-1,1-3 | 3-2 | 2-0 | 3-0 | 3-1 | 0-1 | 1-1 | 1-4 | 3-1 | 1-2
1742286,2026-10-10,HNK Hajduk Split,NK Dinamo Zagreb,192,88,129,32,31,66,24.8,24.0,51.2,24.8,24.0,51.2,2.4,46.5,3-0 | 1-0 | 1-0 | 1-0 | 0-2 | 0-4 | 2-1 | 2-1 | 2-0 | 1-0,0-4 | 0-5 | 3-2 | 0-0 | 4-2 | 0-4 | 1-0 | 2-2 | 3-1 | 3-1
1742287,2026-10-10,NK Osijek,Istra 1961,467,,73,35,20,18,47.9,27.4,24.7,47.9,27.4,24.7,2.29,46.6,1-1 | 0-0 | 4-2 | 3-1 | 4-1 | 3-0 | 4-0 | 1-0 | 1-6 | 0-2,1-0 | 0-1 | 1-5 | 3-2 | 0-5 | 3-0 | 0-0 | 8-0 | 2-2 | 1-2
1743886,2026-10-10,Orlando Pirates,Mamelodi Sundowns,261,99,47,16,13,18,34.0,27.7,38.3,34.0,27.7,38.3,2.21,42.6,0-2 | 2-0 | 3-1 | 0-0 | 0-4 | 2-0 | 2-0 | 0-1 | 0-3 | 1-1,2-1 | 1-1 | 3-0 | 1-2 | 2-0 | 2-3 | 5-2 | 0-1 | 2-0 | 1-1
1742385,2026-10-10,Maritimo,FC Porto,,35,65,11,10,44,16.9,15.4,67.7,16.9,15.4,67.7,2.66,49.2,1-1 | 3-1 | 0-3 | 2-1 | 2-2 | 1-2 | 1-0 | 1-3 | 1-0 | 3-2,1-3 | 3-1 | 1-4 | 0-2 | 2-1 | 0-3 | 2-0 | 0-2 | 2-0 | 1-0
1742384,2026-10-10,Casa Pia,Santa Clara,380,494,7,2,2,3,28.6,28.6,42.9,28.6,28.6,42.9,1.71,42.9,1-2 | 1-4 | 0-0 | 0-1 | 2-0 | 0-7 | 1-0 | 6-2 | 2-0 | 1-1,0-0 | 1-2 | 4-0 | 1-1 | 1-0 | 0-1 | 2-2 | 1-1 | 1-0 | 2-0
1742386,2026-10-10,Academico Viseu,Estoril,,513,8,3,0,5,37.5,0.0,62.5,37.5,0.0,62.5,2.88,50.0,1-7 | 0-2 | 2-1 | 0-1 | 0-1 | 1-0 | 0-3 | 1-0 | 2-2 | 0-1,1-2 | 1-0 | 0-0 | 2-1 | 0-2 | 2-0 | 1-1 | 1-1 | 0-0 | 1-3
1744262,2026-10-10,Barracas Central,Huracan,344,107,10,4,4,2,40.0,40.0,20.0,40.0,40.0,20.0,1.4,30.0,2-3 | 0-1 | 1-1 | 0-0 | 0-0 | 3-1 | 1-2 | 0-1 | 2-0 | 0-1,1-0 | 1-0 | 1-1 | 0-2 | 1-2 | 1-0 | 2-1 | 3-1 | 1-1 | 5-1
1744201,2026-10-10,Central Cordoba,Estudiantes L.P.,268,133,16,4,4,8,25.0,25.0,50.0,25.0,25.0,50.0,2.81,50.0,1-1 | 2-2 | 3-1 | 0-1 | 0-0 | 2-1 | 0-1 | 1-2 | 1-0 | 0-2,3-0 | 1-0 | 2-1 | 0-1 | 2-1 | 1-1 | 1-0 | 0-0 | 3-1 | 2-0
1742292,2026-10-10,Viktoria Plzen,Mlada Boleslav,95,577,52,26,13,13,50.0,25.0,25.0,50.0,25.0,25.0,2.83,50.0,2-1 | 0-3 | 2-3 | 0-0 | 0-3 | 1-1 | 5-1 | 3-0 | 3-2 | 5-5,2-0 | 0-3 | 3-0 | 4-0 | 0-4 | 2-1 | 1-1 | 2-0 | 2-2 | 2-4
1742290,2026-10-10,Brno,FK Jablonec,,,19,4,1,14,21.1,5.3,73.7,21.1,5.3,73.7,2.63,42.1,2-0 | 0-3 | 2-1 | 4-0 | 1-0 | 3-2 | 0-10 | 0-2 | 0-1 | 1-1,0-1 | 1-1 | 2-0 | 3-0 | 1-2 | 1-1 | 2-0 | 1-0 | 1-0 | 1-2
1742241,2026-10-10,Rizespor,Fenerbahce,,37,40,3,7,30,7.5,17.5,75.0,7.5,17.5,75.0,3.55,75.0,3-0 | 2-2 | 0-2 | 0-1 | 1-2 | 0-2 | 0-1 | 2-1 | 0-0 | 1-2,0-2 | 8-0 | 0-0 | 1-1 | 1-2 | 0-2 | 1-2 | 4-2 | 1-1 | 2-1
1742240,2026-10-10,Samsunspor,Trabzonspor,436,283,35,9,6,20,25.7,17.1,57.1,25.7,17.1,57.1,2.94,60.0,1-0 | 1-5 | 1-0 | 0-2 | 0-2 | 3-3 | 1-2 | 1-2 | 0-0 | 2-1,4-0 | 1-0 | 5-0 | 2-1 | 4-0 | 2-1 | 0-1 | 1-1 | 2-1 | 0-1
1742239,2026-10-10,Alanyaspor,Erzurum BB,590,,5,2,1,2,40.0,20.0,40.0,40.0,20.0,40.0,3.2,80.0,1-2 | 2-2 | 0-1 | 2-1 | 1-0 | 1-1 | 0-2 | 2-2 | 2-1 | 3-1,1-0 | 3-0 | 1-0 | 1-1 | 0-4 | 3-0 | 1-1 | 1-1 | 1-1 | 2-0
1742238,2026-10-10,Genclerbirligi,Amedspor,,,4,2,2,0,50.0,50.0,0.0,50.0,50.0,0.0,3.75,50.0,0-1 | 4-0 | 1-2 | 5-0 | 1-1 | 0-1 | 2-1 | 0-3 | 1-2 | 3-2,3-2 | 5-0 | 2-2 | 2-1 | 2-0 | 3-0 | 2-0 | 3-3 | 1-1 | 2-0
1742459,2026-10-10,Middlesbrough,Wolves,497,120,18,11,1,6,61.1,5.6,33.3,61.1,5.6,33.3,2.5,44.4,2-2 | 2-2 | 4-3 | 3-0 | 0-1 | 1-1 | 3-1 | 1-3 | 2-1 | 2-1,1-0 | 1-0 | 0-1 | 2-2 | 4-2 | 4-1 | 0-2 | 1-3 | 2-2 | 3-0
1742457,2026-10-10,Bolton,Stoke City,368,254,19,6,6,7,31.6,31.6,36.8,31.6,31.6,36.8,2.68,52.6,3-4 | 1-0 | 2-3 | 4-0 | 3-2 | 0-1 | 0-0 | 2-1 | 1-0 | 1-0,2-1 | 1-2 | 1-1 | 4-0 | 1-0 | 4-1 | 1-1 | 3-1 | 1-2 | 2-0
1742455,2026-10-10,West Brom,Birmingham,362,319,41,15,10,16,36.6,24.4,39.0,36.6,24.4,39.0,2.63,51.2,1-0 | 1-1 | 0-1 | 1-0 | 1-1 | 3-1 | 3-2 | 3-1 | 1-2 | 1-4,2-2 | 1-2 | 2-1 | 2-2 | 1-1 | 1-2 | 1-6 | 2-2 | 0-0 | 0-1
1742456,2026-10-10,Blackburn,Cardiff,435,374,24,8,9,7,33.3,37.5,29.2,33.3,37.5,29.2,2.58,58.3,2-2 | 3-1 | 1-2 | 2-1 | 0-0 | 1-2 | 1-2 | 2-1 | 2-2 | 1-2,3-1 | 1-0 | 1-1 | 2-0 | 2-1 | 2-2 | 1-2 | 2-2 | 1-1 | 3-2
1742462,2026-10-10,Watford,Burnley,618,317,45,12,12,21,26.7,26.7,46.7,26.7,26.7,46.7,2.93,62.2,1-0 | 1-2 | 2-1 | 1-0 | 2-0 | 1-1 | 1-5 | 1-1 | 2-1 | 1-0,1-1 | 3-1 | 1-1 | 1-2 | 1-1 | 4-1 | 0-0 | 3-1 | 2-2 | 1-1
1742454,2026-10-10,Swansea,Norwich,276,,24,10,4,10,41.7,16.7,41.7,41.7,16.7,41.7,3.0,54.2,1-2 | 3-1 | 3-1 | 0-0 | 2-0 | 0-3 | 0-0 | 1-2 | 0-1 | 1-0,3-4 | 5-0 | 4-3 | 2-1 | 1-3 | 1-0 | 4-1 | 1-2 | 3-0 | 1-2
1742461,2026-10-10,Sheffield Utd,Lincoln,,,5,3,0,2,60.0,0.0,40.0,60.0,0.0,40.0,3.8,40.0,2-1 | 2-0 | 0-2 | 3-1 | 2-1 | 1-0 | 1-1 | 0-1 | 1-2 | 1-3,1-2 | 0-1 | 0-1 | 4-0 | 1-1 | 0-0 | 0-1 | 1-4 | 1-3 | 2-1
1742453,2026-10-10,Charlton,Bristol City,,,17,7,4,6,41.2,23.5,35.3,41.2,23.5,35.3,2.59,64.7,3-1 | 0-0 | 0-0 | 4-0 | 1-1 | 1-0 | 5-1 | 1-2 | 2-1 | 1-3,4-1 | 0-2 | 4-1 | 1-0 | 0-1 | 3-3 | 4-1 | 1-2 | 1-2 | 1-3
1742458,2026-10-10,Derby,Wrexham,,,3,1,1,1,33.3,33.3,33.3,33.3,33.3,33.3,3.0,100.0,1-1 | 1-2 | 0-1 | 3-0 | 0-2 | 0-3 | 2-2 | 2-1 | 1-2 | 1-1,2-1 | 6-0 | 1-1 | 0-0 | 0-3 | 1-2 | 1-1 | 1-1 | 1-0 | 1-0
1742460,2026-10-10,Preston,Millwall,,,39,12,11,16,30.8,28.2,41.0,30.8,28.2,41.0,2.44,59.0,2-2 | 0-1 | 2-1 | 2-1 | 1-3 | 1-0 | 0-4 | 1-3 | 2-1 | 1-1,1-0 | 1-0 | 2-2 | 2-2 | 0-3 | 3-1 | 0-1 | 4-0 | 0-3 | 5-1
1742253,2026-10-10,Austria Vienna,Sturm Graz,378,161,134,52,35,47,38.8,26.1,35.1,38.8,26.1,35.1,2.82,53.0,1-6 | 2-2 | 2-1 | 0-6 | 0-1 | 4-1 | 0-0 | 2-0 | 0-2 | 1-2,3-0 | 0-0 | 2-1 | 1-4 | 3-1 | 1-1 | 1-0 | 0-1 | 0-2 | 2-0
1742252,2026-10-10,WSG Swarovski Tirol,Ried,,,16,6,4,6,37.5,25.0,37.5,37.5,25.0,37.5,3.06,75.0,6-1 | 0-6 | 3-4 | 6-0 | 3-0 | 2-2 | 1-3 | 0-4 | 3-2 | 0-1,4-1 | 1-1 | 1-5 | 3-2 | 1-0 | 4-1 | 1-2 | 1-1 | 1-5 | 3-0
1742251,2026-10-10,Grazer AK,Red Bull Salzburg,,134,57,18,16,23,31.6,28.1,40.4,31.6,28.1,40.4,2.47,45.6,2-2 | 1-2 | 0-2 | 0-0 | 1-0 | 8-0 | 2-1 | 3-0 | 0-4 | 0-5,3-0 | 0-1 | 1-1 | 0-3 | 5-1 | 4-1 | 3-0 | 0-1 | 0-3 | 3-3
1742506,2026-10-10,FC Nurnberg,VfL Wolfsburg,,87,31,10,11,10,32.3,35.5,32.3,32.3,35.5,32.3,2.52,54.8,3-1 | 0-1 | 2-1 | 2-2 | 4-1 | 2-4 | 3-0 | 2-1 | 2-2 | 3-2,4-1 | 5-1 | 1-0 | 4-4 | 2-5 | 0-1 | 0-0 | 3-1 | 0-2 | 3-0
1742504,2026-10-10,FC Magdeburg,Hannover 96,,553,10,3,1,6,30.0,10.0,60.0,30.0,10.0,60.0,2.9,50.0,1-1 | 3-0 | 2-1 | 2-0 | 0-4 | 0-3 | 1-6 | 1-1 | 0-2 | 0-4,2-0 | 2-1 | 2-1 | 2-2 | 0-1 | 1-9 | 0-1 | 3-1 | 3-0 | 3-2
1742503,2026-10-10,Darmstadt,Energie Cottbus,,,10,2,2,6,20.0,20.0,60.0,20.0,20.0,60.0,2.8,60.0,5-1 | 2-1 | 3-0 | 0-1 | 1-2 | 1-0 | 2-2 | 0-2 | 1-1 | 2-1,2-2 | 1-1 | 0-3 | 4-4 | 3-4 | 0-2 | 3-0 | 3-1 | 2-4 | 1-2
1742505,2026-10-10,VfL Osnabruck,Dynamo Dresden,,,20,6,6,8,30.0,30.0,40.0,30.0,30.0,40.0,2.45,45.0,0-4 | 0-3 | 1-1 | 1-3 | 1-2 | 3-1 | 0-0 | 1-4 | 0-1 | 0-2,2-0 | 1-3 | 1-2 | 1-3 | 2-2 | 1-2 | 6-2 | 5-3 | 0-6 | 1-3
1742379,2026-10-10,Bodo/Glimt,Kristiansund BK,98,,14,13,1,0,92.9,7.1,0.0,92.9,7.1,0.0,3.29,35.7,2-6 | 2-1 | 3-2 | 5-0 | 1-2 | 4-2 | 0-5 | 3-0 | 1-3 | 3-2,1-3 | 1-2 | 8-1 | 2-0 | 2-2 | 1-0 | 2-1 | 2-1 | 1-2 | 0-0
1742380,2026-10-10,Rosenborg,Sandefjord,414,,26,20,5,1,76.9,19.2,3.8,76.9,19.2,3.8,3.15,57.7,2-0 | 1-3 | 1-4 | 5-3 | 4-0 | 4-2 | 2-1 | 0-2 | 3-2 | 4-0,0-1 | 3-0 | 3-2 | 1-1 | 0-0 | 0-15 | 1-2 | 0-1 | 1-0 | 0-3
1744439,2026-10-10,Atletico Nacional,Deportivo Pasto,171,478,51,29,14,8,56.9,27.5,15.7,56.9,27.5,15.7,2.12,49.0,0-0 | 3-1 | 1-1 | 1-1 | 2-0 | 2-3 | 2-0 | 3-0 | 1-5 | 2-1,0-0 | 3-0 | 1-0 | 0-1 | 1-4 | 2-2 | 1-2 | 1-1 | 0-1 | 0-2
1744440,2026-10-10,Pereira,Deportivo Cali,398,,30,9,6,15,30.0,20.0,50.0,30.0,20.0,50.0,2.5,50.0,4-0 | 1-2 | 0-0 | 1-3 | 4-1 | 1-1 | 0-3 | 1-2 | 0-0 | 0-0,3-1 | 2-0 | 0-1 | 3-0 | 1-2 | 1-1 | 3-0 | 1-1 | 2-1 | 2-2
1744438,2026-10-10,Junior,Internacional De Bogota,304,,1,1,0,0,100.0,0.0,0.0,100.0,0.0,0.0,1.0,0.0,3-1 | 3-1 | 2-0 | 1-4 | 1-0 | 3-3 | 1-1 | 4-2 | 1-1 | 0-1,1-1 | 0-0 | 2-0 | 2-3 | 3-2 | 1-2 | 2-2 | 0-0 | 1-1 | 2-2
1742262,2026-10-10,Genk,Kortrijk,112,,44,23,9,12,52.3,20.5,27.3,52.3,20.5,27.3,2.84,52.3,1-2 | 3-0 | 1-1 | 0-0 | 4-0 | 4-4 | 3-2 | 2-1 | 2-1 | 3-1,2-2 | 1-0 | 3-0 | 0-2 | 1-0 | 1-3 | 0-3 | 3-0 | 2-1 | 1-0
1742263,2026-10-10,Zulte-Waregem,Gent,,190,50,17,11,22,34.0,22.0,44.0,34.0,22.0,44.0,3.2,62.0,3-0 | 0-1 | 0-2 | 2-2 | 4-0 | 0-0 | 2-1 | 2-2 | 3-2 | 4-3,2-1 | 1-1 | 0-3 | 1-0 | 2-1 | 2-3 | 0-0 | 1-2 | 1-1 | 2-0
1742260,2026-10-10,Cercle Brugge,Anderlecht,,149,50,9,4,37,18.0,8.0,74.0,18.0,8.0,74.0,2.9,42.0,3-2 | 1-1 | 0-3 | 0-1 | 1-0 | 3-3 | 2-2 | 2-2 | 3-0 | 3-2,3-0 | 1-2 | 0-1 | 0-0 | 1-0 | 3-0 | 3-0 | 0-3 | 1-0 | 3-2
1742261,2026-10-10,La Louviere,Club Brugge,,58,18,3,3,12,16.7,16.7,66.7,16.7,16.7,66.7,3.11,50.0,2-0 | 3-0 | 4-0 | 2-2 | 2-0 | 1-2 | 2-1 | 0-0 | 0-0 | 1-1,3-0 | 3-1 | 2-3 | 0-1 | 2-1 | 1-0 | 0-3 | 3-0 | 1-1 | 2-1
1745339,2026-10-10,Penarol,Progreso,94,,24,18,4,2,75.0,16.7,8.3,75.0,16.7,8.3,2.54,37.5,1-1 | 0-1 | 1-1 | 1-3 | 2-1 | 1-1 | 0-0 | 1-2 | 1-3 | 3-1,2-1 | 3-2 | 0-2 | 2-1 | 1-1 | 1-2 | 0-1 | 3-1 | 1-3 | 0-4
1745337,2026-10-10,Defensor Sporting,CA Cerro,390,,42,21,13,8,50.0,31.0,19.0,50.0,31.0,19.0,2.4,52.4,3-0 | 3-2 | 0-1 | 0-2 | 1-0 | 0-3 | 3-2 | 2-1 | 1-0 | 1-1,0-2 | 0-0 | 1-2 | 1-2 | 1-3 | 0-2 | 1-0 | 1-1 | 1-1 | 4-0
1693659,2026-10-10,FK Zalgiris Vilnius,Suduva Marijampole,285,,86,42,24,20,48.8,27.9,23.3,48.8,27.9,23.3,2.81,48.8,3-0 | 3-2 | 0-0 | 1-0 | 2-0 | 2-0 | 2-3 | 4-0 | 2-5 | 7-2,5-0 | 1-1 | 0-0 | 5-1 | 1-2 | 1-2 | 2-0 | 0-2 | 0-3 | 5-1
1742407,2026-10-10,Rangers,Kilmarnock,74,,104,76,15,13,73.1,14.4,12.5,73.1,14.4,12.5,2.92,48.1,0-1 | 3-0 | 1-0 | 1-0 | 1-2 | 0-1 | 1-0 | 1-0 | 5-1 | 1-1,1-1 | 0-1 | 1-1 | 0-0 | 0-1 | 0-4 | 3-2 | 1-5 | 4-3 | 0-0
1742404,2026-10-10,Dundee Utd,Hibernian,,569,93,25,30,38,26.9,32.3,40.9,26.9,32.3,40.9,2.92,62.4,0-3 | 1-1 | 3-0 | 0-4 | 0-2 | 0-4 | 4-0 | 1-1 | 3-2 | 4-0,1-1 | 0-1 | 0-3 | 2-1 | 1-3 | 1-2 | 2-3 | 0-0 | 1-0 | 0-0
1742406,2026-10-10,Hearts,St Mirren,549,,59,30,15,14,50.8,25.4,23.7,50.8,25.4,23.7,2.68,50.8,1-1 | 2-1 | 0-3 | 2-1 | 1-3 | 2-1 | 2-2 | 6-2 | 1-1 | 4-0,0-3 | 1-0 | 1-2 | 0-1 | 3-3 | 5-1 | 1-0 | 0-2 | 0-1 | 4-3
1742405,2026-10-10,Falkirk,Dundee,,,33,10,9,14,30.3,27.3,42.4,30.3,27.3,42.4,2.39,45.5,1-1 | 2-1 | 1-1 | 1-2 | 2-1 | 0-0 | 0-2 | 3-0 | 1-1 | 1-0,2-1 | 2-1 | 1-1 | 1-2 | 0-2 | 3-0 | 2-0 | 1-0 | 4-0 | 1-1
1742242,2026-10-10,AEK Athens,OFI,97,,54,34,9,11,63.0,16.7,20.4,63.0,16.7,20.4,2.69,46.3,1-2 | 8-1 | 1-1 | 1-0 | 5-0 | 0-2 | 1-1 | 4-0 | 4-0 | 0-0,2-2 | 2-0 | 0-1 | 3-0 | 2-0 | 0-0 | 2-1 | 0-2 | 2-0 | 3-0
1742243,2026-10-10,Asteras Tripolis,Atromitos Athinon,,,63,21,17,25,33.3,27.0,39.7,33.3,27.0,39.7,2.24,46.0,2-2 | 0-3 | 1-1 | 1-1 | 0-2 | 0-1 | 3-1 | 2-0 | 3-1 | 0-0,1-2 | 2-1 | 0-1 | 0-0 | 1-1 | 1-1 | 1-0 | 0-1 | 1-2 | 2-1
1742501,2026-10-10,Nantes,Reims,360,334,27,8,7,12,29.6,25.9,44.4,29.6,25.9,44.4,2.26,44.4,3-1 | 1-2 | 1-0 | 1-0 | 3-3 | 2-5 | 2-1 | 0-1 | 5-1 | 1-1,1-1 | 1-2 | 2-2 | 1-4 | 3-1 | 3-3 | 0-0 | 2-1 | 3-0 | 1-1
1742500,2026-10-10,Clermont Foot 63,Red Star FC 93,487,,10,2,5,3,20.0,50.0,30.0,20.0,50.0,30.0,2.2,50.0,0-0 | 0-3 | 1-1 | 1-3 | 0-0 | 0-1 | 1-1 | 0-1 | 0-0 | 1-3,1-3 | 1-0 | 1-2 | 1-4 | 1-1 | 0-0 | 0-1 | 3-1 | 4-1 | 2-1
1742502,2026-10-10,St Etienne,Rodez,680,,9,2,3,4,22.2,33.3,44.4,22.2,33.3,44.4,2.78,55.6,2-2 | 2-1 | 3-1 | 2-3 | 4-0 | 3-1 | 0-3 | 4-3 | 4-0 | 2-1,2-0 | 3-4 | 0-1 | 4-1 | 2-2 | 2-5 | 2-0 | 3-1 | 4-2 | 1-1
1742331,2026-10-10,Tobol Kostanay,FC Astana,519,247,31,8,9,14,25.8,29.0,45.2,25.8,29.0,45.2,2.39,51.6,0-2 | 1-4 | 3-1 | 1-0 | 3-2 | 0-2 | 1-2 | 3-0 | 2-0 | 1-1,1-0 | 1-0 | 4-0 | 2-3 | 1-1 | 2-1 | 0-2 | 4-1 | 1-4 | 3-2
1742330,2026-10-10,Kairat Almaty,Zhetysu,296,,25,15,6,4,60.0,24.0,16.0,60.0,24.0,16.0,2.6,40.0,1-0 | 1-4 | 3-0 | 0-3 | 0-2 | 3-0 | 0-3 | 3-1 | 0-1 | 1-0,0-1 | 2-1 | 1-0 | 3-0 | 4-1 | 0-4 | 1-1 | 1-2 | 2-0 | 0-1
1742329,2026-10-10,Spartak Semey,Aktobe,,552,10,4,1,5,40.0,10.0,50.0,40.0,10.0,50.0,2.9,60.0,0-2 | 2-1 | 4-0 | 0-2 | 2-2 | 3-1 | 0-0 | 1-1 | 3-1 | 2-2,2-2 | 1-2 | 1-0 | 2-1 | 1-2 | 1-1 | 3-1 | 2-1 | 2-4 | 3-2
1742324,2026-10-10,C-Osaka,Yokohama F. Marinos,628,211,34,15,10,9,44.1,29.4,26.5,44.1,29.4,26.5,2.62,58.8,2-0 | 1-2 | 1-1 | 6-1 | 0-0 | 2-0 | 1-0 | 3-1 | 1-0 | 3-0,2-1 | 1-2 | 2-0 | 1-1 | 0-2 | 1-1 | 3-2 | 1-0 | 1-0 | 0-1
1742326,2026-10-10,FC Tokyo,Urawa,669,433,49,10,14,25,20.4,28.6,51.0,20.4,28.6,51.0,2.8,57.1,4-0 | 0-2 | 1-0 | 0-2 | 2-0 | 1-1 | 0-3 | 6-0 | 2-0 | 2-2,3-2 | 2-3 | 3-1 | 1-2 | 0-1 | 2-3 | 3-2 | 3-0 | 3-1 | 1-4
1742327,2026-10-10,Kyoto Sanga,Machida Zelvia,,679,20,9,5,6,45.0,25.0,30.0,45.0,25.0,30.0,2.2,45.0,0-0 | 1-0 | 1-2 | 1-0 | 2-3 | 2-0 | 1-1 | 2-1 | 1-0 | 1-3,0-0 | 2-1 | 2-4 | 2-0 | 1-1 | 1-3 | 2-1 | 1-1 | 3-0 | 3-1
1742325,2026-10-10,Avispa Fukuoka,Fagiano Okayama,,,25,6,13,6,24.0,52.0,24.0,24.0,52.0,24.0,2.0,60.0,0-1 | 1-2 | 0-1 | 1-0 | 1-1 | 2-3 | 2-1 | 0-0 | 3-2 | 3-0,1-0 | 1-2 | 1-2 | 1-2 | 3-2 | 1-2 | 2-1 | 3-0 | 0-0 | 1-0
1742421,2026-10-10,Olimpija Ljubljana,NS Mura,222,658,33,16,11,6,48.5,33.3,18.2,48.5,33.3,18.2,2.03,36.4,2-1 | 2-1 | 1-3 | 3-0 | 0-0 | 1-0 | 1-1 | 1-0 | 1-0 | 1-0,0-0 | 1-6 | 1-1 | 2-0 | 0-1 | 1-2 | 1-3 | 5-2 | 1-0 | 2-2
1742422,2026-10-10,NK Celje,Aluminij,322,,40,20,12,8,50.0,30.0,20.0,50.0,30.0,20.0,2.75,55.0,0-0 | 2-0 | 2-1 | 0-1 | 0-2 | 4-1 | 1-2 | 1-1 | 1-3 | 2-0,0-0 | 2-2 | 1-6 | 0-0 | 0-2 | 0-1 | 4-2 | 1-3 | 1-1 | 1-0
1742420,2026-10-10,Radomlje,FC Koper,,,22,4,7,11,18.2,31.8,50.0,18.2,31.8,50.0,2.82,63.6,2-1 | 0-3 | 3-1 | 0-0 | 1-3 | 1-3 | 1-2 | 2-2 | 0-2 | 1-0,2-0 | 1-3 | 0-1 | 0-1 | 0-1 | 0-0 | 2-0 | 1-1 | 1-3 | 2-2
1745632,2026-10-10,Esperance ST,Olympique Beja,104,,13,8,4,1,61.5,30.8,7.7,61.5,30.8,7.7,2.08,23.1,0-1 | 2-1 | 3-1 | 3-2 | 1-0 | 0-1 | 0-3 | 1-3 | 0-1 | 0-1,1-1 | 1-1 | 1-2 | 1-0 | 1-1 | 2-1 | 2-0 | 1-0 | 2-0 | 1-1
1745631,2026-10-10,CA Bizertin,US Monastirienne,,269,18,4,6,8,22.2,33.3,44.4,22.2,33.3,44.4,1.72,33.3,2-0 | 1-1 | 0-1 | 1-0 | 2-0 | 0-2 | 1-0 | 1-2 | 1-0 | 1-1,1-2 | 3-3 | 2-1 | 0-0 | 3-0 | 1-0 | 0-1 | 2-0 | 2-0 | 1-1
1745630,2026-10-10,US Ben Guerdane,Club Africain,,393,25,3,7,15,12.0,28.0,60.0,12.0,28.0,60.0,2.0,40.0,1-0 | 1-1 | 3-3 | 1-2 | 0-1 | 0-0 | 0-1 | 0-1 | 2-0 | 0-1,0-0 | 1-0 | 2-2 | 1-0 | 1-0 | 0-1 | 1-1 | 0-1 | 2-0 | 1-1
1744151,2026-10-10,Orlando City SC,Columbus Crew,538,286,29,11,7,11,37.9,24.1,37.9,37.9,24.1,37.9,3.62,69.0,4-2 | 4-2 | 2-1 | 3-0 | 2-3 | 1-0 | 3-3 | 2-1 | 1-2 | 1-1,2-1 | 0-2 | 2-1 | 0-1 | 2-1 | 3-0 | 1-3 | 2-0 | 3-2 | 1-2
1744149,2026-10-10,New England Revolution,Seattle Sounders,,449,17,6,5,6,35.3,29.4,35.3,35.3,29.4,35.3,3.0,52.9,3-0 | 4-2 | 1-2 | 1-2 | 2-1 | 1-3 | 1-1 | 0-3 | 2-1 | 0-2,2-1 | 3-1 | 2-0 | 3-3 | 1-1 | 0-0 | 2-2 | 1-1 | 1-2 | 0-2
1744155,2026-10-10,Sporting Kansas City,Portland Timbers,,,33,9,9,15,27.3,27.3,45.5,27.3,27.3,45.5,3.27,57.6,2-1 | 0-2 | 3-4 | 3-1 | 4-3 | 0-3 | 2-1 | 1-1 | 2-0 | 0-2,3-1 | 0-1 | 2-1 | 2-2 | 5-4 | 1-2 | 1-1 | 3-1 | 2-1 | 3-1
1744146,2026-10-10,Atlanta United FC,FC Cincinnati,,601,16,6,6,4,37.5,37.5,25.0,37.5,37.5,25.0,2.75,62.5,2-2 | 0-1 | 0-0 | 2-3 | 2-2 | 0-2 | 2-1 | 1-2 | 2-1 | 3-2,3-1 | 2-2 | 3-3 | 5-0 | 4-0 | 1-1 | 2-1 | 1-1 | 1-2 | 2-0
1744148,2026-10-10,Inter Miami,DC United,371,,12,5,3,4,41.7,25.0,33.3,41.7,25.0,33.3,3.17,75.0,2-1 | 2-2 | 2-0 | 2-2 | 1-1 | 2-2 | 7-1 | 1-2 | 2-2 | 4-1,0-1 | 3-3 | 1-2 | 0-0 | 2-1 | 0-0 | 3-1 | 0-3 | 1-1 | 2-2
1744152,2026-10-10,Philadelphia Union,Real Salt Lake,516,,13,1,6,6,7.7,46.2,46.2,7.7,46.2,46.2,3.08,69.2,4-2 | 3-4 | 0-5 | 5-0 | 2-0 | 1-3 | 1-1 | 2-2 | 2-3 | 0-2,3-0 | 2-0 | 0-3 | 0-2 | 2-1 | 2-2 | 1-0 | 3-0 | 2-1 | 3-4
1742436,2026-10-10,Chicago Fire,New York City FC,,,26,4,8,14,15.4,30.8,53.8,15.4,30.8,53.8,2.73,57.7,3-1 | 0-1 | 3-0 | 1-2 | 1-1 | 4-4 | 2-2 | 2-1 | 1-1 | 1-2,2-2 | 0-1 | 0-2 | 1-2 | 0-0 | 1-1 | 1-1 | 2-1 | 2-3 | 1-2
1744156,2026-10-10,Colorado Rapids,San Jose Earthquakes,,,55,16,18,21,29.1,32.7,38.2,29.1,32.7,38.2,2.04,49.1,3-2 | 3-3 | 0-3 | 1-0 | 1-1 | 3-0 | 1-0 | 3-0 | 1-0 | 2-0,3-1 | 2-2 | 1-0 | 2-3 | 1-1 | 0-0 | 1-5 | 1-0 | 1-3 | 4-2
1744157,2026-10-10,Los Angeles FC,Vancouver Whitecaps,419,,24,10,7,7,41.7,29.2,29.2,41.7,29.2,29.2,3.17,62.5,1-0 | 2-2 | 3-1 | 2-0 | 2-2 | 0-0 | 1-1 | 1-0 | 0-1 | 1-1,3-1 | 3-3 | 0-3 | 1-2 | 3-0 | 1-3 | 0-3 | 5-0 | 0-1 | 0-2
1744150,2026-10-10,New York Red Bulls,San Diego,,,10,3,2,5,30.0,20.0,50.0,30.0,20.0,50.0,2.2,40.0,0-3 | 0-1 | 0-1 | 2-0 | 0-0 | 1-3 | 1-1 | 0-1 | 2-1 | 3-2,3-3 | 2-2 | 1-2 | 0-5 | 2-3 | 1-0 | 3-1 | 3-0 | 3-1 | 0-1
1744147,2026-10-10,Charlotte,FC Dallas,,,1,1,0,0,100.0,0.0,0.0,100.0,0.0,0.0,5.0,100.0,0-1 | 1-2 | 3-3 | 1-2 | 0-0 | 0-2 | 3-1 | 3-3 | 3-1 | 0-1,1-0 | 0-0 | 2-1 | 1-2 | 4-3 | 3-3 | 5-0 | 3-4 | 1-2 | 3-1
1744154,2026-10-10,Minnesota United FC,Houston Dynamo,,,25,11,6,8,44.0,24.0,32.0,44.0,24.0,32.0,2.6,48.0,3-1 | 2-3 | 4-2 | 1-2 | 5-4 | 3-3 | 1-5 | 1-2 | 1-1 | 3-1,0-2 | 2-2 | 1-0 | 2-1 | 0-0 | 0-0 | 2-1 | 0-1 | 1-0 | 0-2
1742435,2026-10-10,Toronto FC,Montreal Impact,,,33,15,4,14,45.5,12.1,42.4,45.5,12.1,42.4,3.39,60.6,2-0 | 3-1 | 3-0 | 2-1 | 4-4 | 1-1 | 1-2 | 3-3 | 2-1 | 1-1,3-1 | 0-2 | 1-0 | 1-2 | 2-0 | 7-1 | 2-2 | 1-2 | 1-1 | 2-2
1742308,2026-10-10,Ferencvarosi TC,Debreceni VSC,150,,75,31,21,23,41.3,28.0,30.7,41.3,28.0,30.7,2.76,52.0,1-1 | 1-1 | 3-3 | 1-3 | 0-7 | 6-0 | 2-2 | 1-0 | 0-3 | 1-2,1-1 | 2-4 | 1-0 | 2-3 | 1-1 | 2-4 | 2-2 | 2-2 | 0-0 | 1-1
1742307,2026-10-10,Vasas,Kisvarda,,,10,5,2,3,50.0,20.0,30.0,50.0,20.0,30.0,3.1,70.0,2-4 | 1-3 | 3-2 | 3-1 | 0-1 | 1-2 | 5-0 | 0-0 | 2-2 | 2-1,0-1 | 0-9 | 1-2 | 1-1 | 0-0 | 2-1 | 2-4 | 0-2 | 1-1 | 1-0
1742390,2026-10-10,FCSB,Otelul Galati,167,,37,22,6,9,59.5,16.2,24.3,59.5,16.2,24.3,2.62,40.5,1-1 | 4-1 | 5-0 | 2-1 | 2-2 | 3-0 | 2-1 | 2-2 | 0-5 | 1-3,1-1 | 2-3 | 3-0 | 0-1 | 2-2 | 1-0 | 5-1 | 1-1 | 1-0 | 1-1
1742389,2026-10-10,FC Botosani,UTA Arad,,,16,5,4,7,31.2,25.0,43.8,31.2,25.0,43.8,2.38,50.0,3-1 | 1-1 | 5-0 | 0-1 | 0-0 | 1-0 | 1-3 | 3-2 | 0-0 | 2-1,1-0 | 1-0 | 4-2 | 5-1 | 0-3 | 1-3 | 0-0 | 2-1 | 0-0 | 1-0
1742323,2026-10-10,Maccabi Tel Aviv,Bnei Sakhnin,119,,63,43,15,5,68.3,23.8,7.9,68.3,23.8,7.9,2.75,47.6,1-2 | 4-1 | 1-4 | 3-1 | 1-1 | 2-5 | 2-1 | 0-1 | 1-3 | 0-3,1-0 | 3-1 | 0-1 | 1-2 | 0-0 | 1-0 | 0-1 | 1-0 | 1-2 | 2-1
1742319,2026-10-10,Hapoel Haifa,Maccabi Petah Tikva,,,36,10,12,14,27.8,33.3,38.9,27.8,33.3,38.9,2.64,58.3,2-1 | 1-0 | 1-1 | 3-1 | 6-3 | 1-1 | 1-1 | 2-2 | 0-0 | 1-2,2-4 | 3-1 | 1-2 | 1-2 | 2-1 | 0-3 | 2-1 | 1-0 | 1-2 | 1-0
1742321,2026-10-10,Irony Kiryat Shmona,Hapoel Tel Aviv,,,47,14,17,16,29.8,36.2,34.0,29.8,36.2,34.0,2.72,57.4,1-0 | 2-2 | 1-1 | 0-4 | 1-1 | 4-2 | 0-1 | 2-0 | 5-3 | 11-1,3-1 | 3-0 | 3-3 | 4-1 | 1-0 | 4-0 | 6-2 | 3-0 | 0-0 | 3-0
1742322,2026-10-10,Hapoel Petah Tikva,Maccabi Netanya,,,34,7,12,15,20.6,35.3,44.1,20.6,35.3,44.1,2.62,58.8,3-0 | 0-2 | 2-1 | 1-0 | 1-0 | 1-0 | 3-1 | 0-2 | 2-1 | 1-0,1-2 | 2-0 | 1-1 | 1-4 | 0-0 | 0-1 | 0-2 | 2-3 | 1-2 | 3-1
1742320,2026-10-10,Ironi Tiberias,Hapoel Beer Sheva,,175,6,2,0,4,33.3,0.0,66.7,33.3,0.0,66.7,3.67,16.7,3-2 | 2-2 | 1-2 | 2-0 | 1-0 | 0-3 | 4-2 | 0-1 | 3-1 | 2-1,1-0 | 0-0 | 0-2 | 1-4 | 2-2 | 1-2 | 5-2 | 2-1 | 4-0 | 0-2
1742513,2026-10-10,Empoli,SSD Palermo,301,,22,11,5,6,50.0,22.7,27.3,50.0,22.7,27.3,2.73,45.5,2-1 | 0-1 | 0-1 | 3-1 | 1-0 | 1-1 | 1-1 | 1-0 | 2-2 | 1-0,2-1 | 1-1 | 3-1 | 5-2 | 2-3 | 1-0 | 2-0 | 0-2 | 0-2 | 1-1
1742512,2026-10-10,Benevento,Cesena,639,,2,1,0,1,50.0,0.0,50.0,50.0,0.0,50.0,4.0,100.0,0-1 | 3-1 | 1-0 | 1-1 | 1-2 | 4-1 | 5-3 | 2-2 | 1-2 | 22-0,1-1 | 2-2 | 1-1 | 1-2 | 1-1 | 3-0 | 0-0 | 3-0 | 1-0 | 3-4
1742517,2026-10-10,Arezzo,Cremonese,,355,9,1,2,6,11.1,22.2,66.7,11.1,22.2,66.7,3.11,55.6,1-4 | 0-1 | 5-0 | 2-3 | 1-2 | 1-0 | 2-0 | 1-1 | 1-3 | 3-2,0-0 | 2-2 | 3-1 | 0-2 | 0-3 | 1-0 | 2-0 | 1-1 | 4-0 | 1-4
1742514,2026-10-10,Sudtirol,Ascoli,,,4,2,1,1,50.0,25.0,25.0,50.0,25.0,25.0,3.0,75.0,1-4 | 1-0 | 1-1 | 2-0 | 1-1 | 1-0 | 1-0 | 0-0 | 0-0 | 0-0,3-1 | 1-0 | 1-0 | 1-1 | 1-2 | 4-1 | 3-1 | 1-2 | 1-0 | 3-0
1742515,2026-10-10,Virtus Entella,Juve Stabia,,,5,1,3,1,20.0,60.0,20.0,20.0,60.0,20.0,2.2,60.0,0-0 | 1-4 | 2-2 | 1-2 | 1-0 | 2-2 | 2-1 | 1-0 | 2-1 | 2-0,3-3 | 4-1 | 1-1 | 1-1 | 0-3 | 1-2 | 1-0 | 4-1 | 0-2 | 0-1
1742516,2026-10-10,L. R. Vicenza,Pisa,,,4,0,3,1,0.0,75.0,25.0,0.0,75.0,25.0,5.0,100.0,2-1 | 1-1 | 2-2 | 3-0 | 3-2 | 1-1 | 2-2 | 1-6 | 0-0 | 3-1,2-0 | 2-2 | 3-0 | 1-4 | 0-3 | 2-1 | 0-1 | 1-1 | 1-4 | 0-1
1742382,2026-10-10,Slask Wroclaw,Lech Poznan,,315,41,13,10,18,31.7,24.4,43.9,31.7,24.4,43.9,2.39,43.9,0-3 | 2-1 | 1-2 | 2-1 | 2-1 | 1-1 | 3-3 | 2-1 | 0-0 | 2-1,2-2 | 5-1 | 4-0 | 2-1 | 1-0 | 2-1 | 2-3 | 2-2 | 7-0 | 0-5
1742383,2026-10-10,Jagiellonia,Gornik Zabrze,407,,38,16,7,15,42.1,18.4,39.5,42.1,18.4,39.5,2.87,65.8,5-0 | 1-3 | 2-1 | 2-0 | 2-1 | 2-1 | 2-5 | 1-2 | 4-0 | 1-1,0-4 | 5-1 | 0-2 | 2-3 | 0-0 | 0-2 | 0-2 | 2-1 | 3-3 | 0-1
1742381,2026-10-10,Cracovia Krakow,Zaglebie Lubin,,,46,16,17,13,34.8,37.0,28.3,34.8,37.0,28.3,2.54,60.9,3-2 | 3-1 | 0-1 | 1-1 | 2-1 | 3-2 | 2-1 | 0-0 | 0-2 | 0-0,0-2 | 2-3 | 2-1 | 1-1 | 3-2 | 0-0 | 0-0 | 2-1 | 3-1 | 2-0
1742289,2026-10-10,Apoel,Nea Salamis,195,,66,50,10,6,75.8,15.2,9.1,75.8,15.2,9.1,3.02,47.0,2-2 | 2-1 | 6-0 | 3-1 | 1-3 | 2-1 | 2-0 | 0-3 | 2-0 | 1-0,0-3 | 3-0 | 2-1 | 1-4 | 3-3 | 2-2 | 0-4 | 4-1 | 1-0 | 3-0
1742288,2026-10-10,Krasava Ypsonas FC,Apollon Limassol,,312,2,1,0,1,50.0,0.0,50.0,50.0,0.0,50.0,2.0,0.0,4-1 | 0-1 | 2-1 | 0-3 | 0-0 | 5-2 | 1-1 | 1-1 | 3-1 | 0-2,3-0 | 2-2 | 0-0 | 3-1 | 2-2 | 2-4 | 0-1 | 3-0 | 0-4 | 0-0
1742428,2026-10-10,FC Lugano,FC Luzern,453,565,74,28,18,28,37.8,24.3,37.8,37.8,24.3,37.8,3.03,62.2,4-2 | 1-3 | 4-2 | 0-4 | 4-1 | 2-2 | 0-1 | 1-3 | 4-2 | 1-0,5-1 | 2-4 | 3-3 | 2-1 | 1-1 | 1-0 | 0-3 | 2-2 | 3-0 | 1-3
1742430,2026-10-10,Servette FC,FC Sion,311,,59,17,22,20,28.8,37.3,33.9,28.8,37.3,33.9,2.85,55.9,2-1 | 1-0 | 3-2 | 2-4 | 0-1 | 4-1 | 0-2 | 2-2 | 1-0 | 1-1,1-1 | 2-5 | 0-3 | 3-2 | 1-2 | 1-2 | 5-3 | 2-4 | 1-6 | 2-1
1742429,2026-10-10,FC Zurich,FC Thun,462,,72,38,18,16,52.8,25.0,22.2,52.8,25.0,22.2,3.18,58.3,2-1 | 1-2 | 1-1 | 2-1 | 3-2 | 2-2 | 2-1 | 2-4 | 2-3 | 2-1,1-2 | 2-4 | 0-1 | 3-2 | 0-0 | 3-4 | 2-2 | 7-0 | 0-6 | 3-2
1742365,2026-10-10,Buducnost Podgorica,Sutjeska Niksic,377,662,54,25,18,11,46.3,33.3,20.4,46.3,33.3,20.4,2.39,48.1,4-1 | 0-2 | 3-0 | 2-0 | 0-0 | 2-1 | 0-0 | 0-2 | 0-1 | 0-2,0-2 | 2-0 | 1-0 | 0-0 | 5-1 | 0-0 | 1-4 | 1-0 | 0-1 | 1-3
1742364,2026-10-10,Dacia Buiucani,Sheriff Tiraspol,,129,20,0,3,17,0.0,15.0,85.0,0.0,15.0,85.0,2.6,30.0,0-1 | 3-0 | 2-1 | 0-0 | 0-0 | 2-1 | 1-0 | 0-4 | 1-4 | 1-5,7-0 | 0-1 | 2-2 | 2-1 | 4-0 | 1-1 | 5-1 | 1-0 | 1-3 | 1-5
1742423,2026-10-10,FC Seoul,Jeju United FC,426,,56,23,17,16,41.1,30.4,28.6,41.1,30.4,28.6,2.64,57.1,2-1 | 0-1 | 1-2 | 1-0 | 1-0 | 2-5 | 1-0 | 0-7 | 4-2 | 0-0,0-1 | 2-2 | 0-1 | 0-0 | 3-1 | 1-2 | 0-0 | 2-1 | 2-0 | 1-3
1742424,2026-10-10,Sangju Sangmu FC,FC Anyang,,,21,8,7,6,38.1,33.3,28.6,38.1,33.3,28.6,3.19,66.7,0-2 | 2-2 | 0-0 | 2-2 | 3-1 | 0-0 | 0-0 | 2-1 | 1-1 | 0-0,2-1 | 1-1 | 3-2 | 0-3 | 1-1 | 2-1 | 0-7 | 2-1 | 2-0 | 1-2
1746335,2026-10-10,Sportivo Luqueno,Cerro Porteno,,318,70,15,18,37,21.4,25.7,52.9,21.4,25.7,52.9,2.59,48.6,3-2 | 0-1 | 1-0 | 3-0 | 1-2 | 2-2 | 2-1 | 2-0 | 0-2 | 1-2,0-2 | 2-1 | 2-1 | 1-0 | 1-1 | 1-0 | 1-3 | 1-1 | 0-1 | 2-1
1742277,2026-10-10,Lokomotiv Sofia,Lokomotiv Plovdiv,,613,41,14,8,19,34.1,19.5,46.3,34.1,19.5,46.3,2.93,58.5,0-1 | 0-2 | 2-2 | 1-2 | 2-2 | 3-1 | 1-3 | 1-1 | 1-2 | 1-1,1-1 | 2-0 | 1-0 | 2-0 | 0-1 | 1-2 | 2-0 | 1-0 | 2-1 | 1-0
1742278,2026-10-10,Botev Plovdiv,Slavia Sofia,665,678,62,24,12,26,38.7,19.4,41.9,38.7,19.4,41.9,2.42,41.9,0-3 | 2-0 | 2-3 | 1-3 | 1-0 | 2-0 | 3-2 | 1-0 | 3-2 | 1-1,1-2 | 1-2 | 0-0 | 0-1 | 1-2 | 1-1 | 1-1 | 0-3 | 1-1 | 1-0
1742276,2026-10-10,Botev Vratsa,Spartak Varna,,,13,7,3,3,53.8,23.1,23.1,53.8,23.1,23.1,2.23,38.5,1-2 | 2-2 | 0-0 | 2-3 | 2-0 | 1-0 | 5-0 | 0-3 | 2-1 | 2-1,0-1 | 0-0 | 1-1 | 1-1 | 6-0 | 0-1 | 3-2 | 1-0 | 0-3 | 2-2
1742282,2026-10-10,Huachipato,O Higgins,508,,42,16,8,18,38.1,19.0,42.9,38.1,19.0,42.9,2.24,38.1,0-2 | 0-0 | 1-3 | 5-1 | 1-4 | 2-0 | 3-3 | 0-1 | 2-1 | 1-2,2-0 | 0-1 | 1-3 | 2-1 | 1-0 | 2-1 | 3-2 | 1-3 | 0-1 | 2-2
1742281,2026-10-10,Cobresal,Universidad De Concepcion,,,38,16,9,13,42.1,23.7,34.2,42.1,23.7,34.2,3.21,71.1,3-2 | 3-0 | 2-0 | 3-3 | 0-2 | 2-0 | 4-0 | 3-3 | 1-0 | 2-2,0-2 | 2-1 | 1-0 | 2-1 | 3-1 | 0-2 | 1-0 | 1-3 | 0-1 | 2-0
1742419,2026-10-10,Zemplin Michalovce,Dunajska Streda,,328,32,6,5,21,18.8,15.6,65.6,18.8,15.6,65.6,2.91,50.0,1-1 | 1-0 | 3-0 | 0-2 | 3-1 | 1-2 | 0-3 | 2-0 | 2-0 | 1-1,2-1 | 2-2 | 3-2 | 1-4 | 2-0 | 1-6 | 5-0 | 0-13 | 0-3 | 3-3
1742417,2026-10-10,MFK Skalica,Slovan Bratislava,,239,16,0,1,15,0.0,6.2,93.8,0.0,6.2,93.8,3.31,50.0,0-1 | 3-2 | 0-0 | 1-4 | 1-6 | 2-0 | 0-1 | 2-4 | 1-3 | 2-1,1-2 | 1-3 | 3-3 | 6-1 | 2-0 | 0-8 | 1-2 | 1-2 | 1-2 | 1-1
1742418,2026-10-10,AS Trencin,Dukla Banska Bystrica,,,42,13,15,14,31.0,35.7,33.3,31.0,35.7,33.3,2.76,54.8,3-0 | 2-1 | 1-4 | 3-1 | 0-2 | 2-1 | 0-4 | 0-6 | 2-1 | 3-3,1-0 | 3-2 | 3-0 | 0-2 | 2-2 | 0-1 | 0-2 | 3-4 | 3-0 | 2-0
1742256,2026-10-10,FC Minsk,Torpedo Zhodino,,350,40,6,14,20,15.0,35.0,50.0,15.0,35.0,50.0,2.02,42.5,2-0 | 1-0 | 0-3 | 2-1 | 0-1 | 2-1 | 0-1 | 1-2 | 1-2 | 3-4,1-2 | 6-0 | 1-0 | 1-2 | 2-4 | 0-0 | 4-0 | 0-1 | 1-2 | 0-4
1742258,2026-10-10,Bate Borisov,Slavia Mozyr,366,,30,19,7,4,63.3,23.3,13.3,63.3,23.3,13.3,2.8,50.0,2-0 | 2-2 | 1-0 | 2-0 | 2-1 | 0-0 | 1-0 | 2-2 | 4-0 | 1-1,0-1 | 1-0 | 3-0 | 1-0 | 0-0 | 1-3 | 3-0 | 2-1 | 0-5 | 4-1
1742257,2026-10-10,Naftan,Belshina,,,27,6,10,11,22.2,37.0,40.7,22.2,37.0,40.7,2.41,44.4,0-1 | 2-2 | 0-3 | 5-1 | 2-0 | 0-2 | 6-0 | 3-0 | 3-3 | 2-2,2-0 | 1-1 | 2-2 | 1-1 | 1-0 | 2-0 | 1-1 | 4-0 | 1-2 | 1-8
1744040,2026-10-10,Lobos UPNFM,CD Marathon,,595,34,4,13,17,11.8,38.2,50.0,11.8,38.2,50.0,3.03,67.6,0-2 | 1-0 | 2-0 | 1-0 | 4-1 | 2-2 | 1-1 | 2-0 | 2-1 | 1-0,3-2 | 3-1 | 1-0 | 2-2 | 5-0 | 1-2 | 3-0 | 1-1 | 0-1 | 0-1
1742304,2026-10-10,CD Motagua,ATLETICO CHOLOMA,454,,4,4,0,0,100.0,0.0,0.0,100.0,0.0,0.0,4.0,75.0,1-0 | 0-0 | 1-0 | 3-0 | 0-0 | 2-1 | 1-1 | 4-1 | 3-1 | 1-1,2-0 | 1-0 | 0-0 | 2-1 | 2-0 | 0-1 | 2-1 | 2-0 | 0-1 | 5-1
1744039,2026-10-10,Genesis FC,CD Olimpia,,162,14,1,2,11,7.1,14.3,78.6,7.1,14.3,78.6,3.43,42.9,0-0 | 1-0 | 0-3 | 1-2 | 1-1 | 3-0 | 2-0 | 2-0 | 2-1 | 1-1,4-0 | 3-0 | 1-0 | 0-3 | 4-1 | 2-2 | 2-1 | 1-1 | 1-3 | 3-1
1743996,2026-10-10,Puntarenas FC,LD Alajuelense,,320,35,8,7,20,22.9,20.0,57.1,22.9,20.0,57.1,2.4,34.3,1-0 | 1-1 | 1-3 | 1-2 | 1-0 | 2-1 | 0-2 | 1-1 | 1-1 | 1-3,5-0 | 3-1 | 3-1 | 2-2 | 0-2 | 1-1 | 3-1 | 0-1 | 1-0 | 2-1
1748807,2026-10-10,USM Oujda,Olympique Safi,,666,10,6,1,3,60.0,10.0,30.0,60.0,10.0,30.0,2.0,40.0,0-1 | 2-1 | 0-1 | 1-1 | 2-0 | 1-0 | 2-1 | 3-1 | 2-0 | 1-0,1-0 | 0-0 | 0-2 | 1-1 | 2-2 | 1-1 | 0-1 | 0-0 | 1-0 | 1-0
1744033,2026-10-10,Malacateco,Guastatoya,,,46,14,18,14,30.4,39.1,30.4,30.4,39.1,30.4,1.96,37.0,2-0 | 1-0 | 1-0 | 2-2 | 0-2 | 2-0 | 1-0 | 2-0 | 4-2 | 2-2,2-1 | 2-1 | 1-2 | 2-1 | 1-1 | 0-1 | 1-2 | 4-2 | 1-0 | 2-0
1744031,2026-10-10,Aurora FC,Xelaju,,677,5,1,2,2,20.0,40.0,40.0,20.0,40.0,40.0,3.4,60.0,2-1 | 3-2 | 1-0 | 3-2 | 1-2 | 2-1 | 1-0 | 3-2 | 2-1 | 3-1,2-0 | 2-3 | 4-0 | 2-2 | 2-1 | 0-0 | 0-4 | 4-1 | 1-1 | 2-0
1742499,2026-10-10,IFK Mariehamn,Ilves,,476,32,11,5,16,34.4,15.6,50.0,34.4,15.6,50.0,2.78,43.8,2-1 | 1-0 | 2-1 | 2-0 | 2-4 | 2-0 | 2-0 | 3-0 | 1-1 | 0-2,0-3 | 3-1 | 2-0 | 1-2 | 0-1 | 3-2 | 1-1 | 2-0 | 1-0 | 1-0
1742498,2026-10-10,TPS,FF Jaro,,,67,28,14,25,41.8,20.9,37.3,41.8,20.9,37.3,3.09,53.7,0-3 | 4-3 | 1-0 | 0-0 | 1-1 | 0-0 | 1-3 | 1-1 | 3-0 | 1-0,1-1 | 1-1 | 2-0 | 2-0 | 0-1 | 3-0 | 1-3 | 2-0 | 2-1 | 0-0
1742410,2026-10-10,Radnicki 1923,Crvena Zvezda,,44,22,2,4,16,9.1,18.2,72.7,9.1,18.2,72.7,2.86,36.4,3-5 | 5-0 | 0-0 | 1-1 | 2-1 | 0-1 | 3-0 | 3-0 | 1-0 | 1-0,3-0 | 1-2 | 0-1 | 0-0 | 2-1 | 0-2 | 5-1 | 4-0 | 3-0 | 0-2
1742409,2026-10-10,FK IMT Beograd,Radnik Surdulica,,,5,2,2,1,40.0,40.0,20.0,40.0,40.0,20.0,2.4,40.0,1-1 | 0-1 | 1-1 | 2-0 | 2-1 | 0-0 | 1-0 | 1-2 | 4-0 | 0-1,4-4 | 1-1 | 0-0 | 3-1 | 5-1 | 1-0 | 2-1 | 2-1 | 0-0 | 1-1
1742916,2026-10-10,Jubilo Iwata,Consadole Sapporo,,,31,10,4,17,32.3,12.9,54.8,32.3,12.9,54.8,2.97,51.6,2-1 | 4-2 | 1-2 | 2-1 | 0-1 | 0-1 | 0-3 | 1-3 | 0-1 | 2-1,2-1 | 1-2 | 3-2 | 1-1 | 1-1 | 1-4 | 0-1 | 2-1 | 1-3 | 1-4
1742914,2026-10-10,Yokohama FC,Oita Trinita,,,26,6,8,12,23.1,30.8,46.2,23.1,30.8,46.2,2.5,65.4,0-1 | 0-2 | 1-2 | 3-3 | 2-1 | 2-0 | 5-0 | 2-3 | 2-2 | 3-1,2-1 | 1-1 | 1-1 | 0-0 | 1-1 | 2-0 | 1-0 | 2-0 | 4-1 | 0-0
1742912,2026-10-10,Sagan Tosu,Fujieda MYFC,,,2,1,1,0,50.0,50.0,0.0,50.0,50.0,0.0,0.5,0.0,1-0 | 2-1 | 2-0 | 1-0 | 1-3 | 1-0 | 2-0 | 1-2 | 2-2 | 4-0,1-1 | 1-2 | 1-1 | 1-0 | 1-1 | 3-2 | 0-0 | 0-2 | 2-3 | 3-5
1742911,2026-10-10,Omiya Ardija,Vanraure Hachinohe,,,3,3,0,0,100.0,0.0,0.0,100.0,0.0,0.0,4.0,66.7,3-2 | 1-1 | 5-1 | 1-1 | 0-0 | 0-0 | 3-1 | 2-2 | 2-0 | 1-4,0-2 | 1-2 | 0-3 | 0-1 | 0-0 | 0-2 | 1-0 | 2-0 | 0-2 | 5-0
1742915,2026-10-10,Ventforet Kofu,Tochigi Uva FC,,,10,3,0,7,30.0,0.0,70.0,30.0,0.0,70.0,3.1,60.0,1-2 | 5-1 | 3-1 | 0-1 | 0-1 | 1-2 | 3-0 | 2-1 | 1-3 | 3-0,1-2 | 0-2 | 3-0 | 2-1 | 1-3 | 0-0 | 1-4 | 0-2 | 1-3 | 1-2
1742913,2026-10-10,Tokushima Vortis,FC Imabari,,,5,2,1,2,40.0,20.0,40.0,40.0,20.0,40.0,2.0,60.0,2-1 | 3-0 | 5-0 | 0-1 | 4-1 | 1-0 | 0-0 | 1-0 | 3-0 | 2-1,1-2 | 1-2 | 4-0 | 2-1 | 1-0 | 1-1 | 2-1 | 0-3 | 4-1 | 4-0
1745634,2026-10-10,Al-Salt,Al-Faisaly Amman,,623,15,2,4,9,13.3,26.7,60.0,13.3,26.7,60.0,2.33,46.7,2-0 | 0-0 | 1-3 | 1-1 | 1-1 | 1-3 | 0-3 | 0-1 | 1-0 | 5-0,0-4 | 4-3 | 2-0 | 0-0 | 2-1 | 2-1 | 1-1 | 1-0 | 3-2 | 2-2
1742833,2026-10-10,Marek,Beroe,,,11,2,4,5,18.2,36.4,45.5,18.2,36.4,45.5,1.91,36.4,0-4 | 0-0 | 1-3 | 3-0 | 3-0 | 1-0 | 0-0 | 4-2 | 1-0 | 1-0,1-2 | 1-0 | 4-3 | 1-0 | 2-2 | 0-0 | 2-2 | 2-0 | 2-0 | 1-0
1742836,2026-10-10,Sportist Svoge,Hebar Pazardzhik,,,9,4,2,3,44.4,22.2,33.3,44.4,22.2,33.3,2.56,44.4,1-1 | 1-0 | 3-2 | 1-0 | 0-0 | 2-1 | 0-0 | 1-0 | 0-1 | 1-0,0-5 | 1-2 | 0-5 | 4-1 | 3-2 | 1-1 | 1-1 | 1-0 | 2-3 | 4-3
1742837,2026-10-10,Dobrudzha,FC Chernomorets Burgas,,,2,1,0,1,50.0,0.0,50.0,50.0,0.0,50.0,1.0,0.0,1-2 | 1-2 | 1-3 | 2-0 | 2-2 | 2-0 | 0-0 | 4-2 | 0-1 | 2-0,0-2 | 2-0 | 2-4 | 3-0 | 2-2 | 1-0 | 0-3 | 1-0 | 0-1 | 1-1
1742310,2026-10-10,Arema FC,Bhayangkara FC,,,19,10,4,5,52.6,21.1,26.3,52.6,21.1,26.3,2.11,26.3,1-1 | 3-3 | 4-0 | 3-1 | 2-5 | 3-0 | 3-2 | 0-4 | 0-0 | 2-0,2-0 | 2-2 | 1-1 | 7-0 | 4-1 | 3-1 | 2-1 | 2-4 | 2-1 | 2-1
1742312,2026-10-10,Bali United Pusam,Persijap Jepara,,,2,1,1,0,50.0,50.0,0.0,50.0,50.0,0.0,1.5,50.0,1-0 | 4-1 | 2-1 | 0-1 | 4-1 | 2-3 | 2-0 | 2-0 | 0-1 | 4-1,1-2 | 0-1 | 2-0 | 0-0 | 0-0 | 0-3 | 0-2 | 1-0 | 2-0 | 0-2
1742313,2026-10-10,PSIM Yogyakarta,Persija Jakarta,,,2,0,1,1,0.0,50.0,50.0,0.0,50.0,50.0,2.0,50.0,2-1 | 1-0 | 1-1 | 3-1 | 2-1 | 2-0 | 1-0 | 0-1 | 1-1 | 2-1,1-0 | 2-1 | 0-1 | 3-0 | 1-3 | 1-2 | 0-2 | 4-0 | 1-1 | 0-1
1742621,2026-10-10,Arka Gdynia,Polonia Warszawa,,,19,6,6,7,31.6,31.6,36.8,31.6,31.6,36.8,2.21,36.8,3-2 | 2-1 | 3-0 | 1-1 | 0-4 | 1-1 | 2-0 | 3-0 | 2-0 | 4-0,2-0 | 2-2 | 2-1 | 0-1 | 2-4 | 1-3 | 1-0 | 1-1 | 3-1 | 0-1
1742623,2026-10-10,Unia Skierniewice,Termalica Nieciecza,,,10,3,2,5,30.0,20.0,50.0,30.0,20.0,50.0,3.0,60.0,3-1 | 1-1 | 3-2 | 3-1 | 0-1 | 0-1 | 0-3 | 2-0 | 2-2 | 3-1,1-0 | 1-2 | 2-1 | 1-5 | 2-2 | 1-3 | 2-1 | 1-2 | 1-2 | 2-0
1742622,2026-10-10,Chrobry Glogow,Pogon Grodzisk Mazowiecki,,,2,1,1,0,50.0,50.0,0.0,50.0,50.0,0.0,2.5,50.0,1-3 | 2-0 | 0-0 | 1-1 | 0-1 | 2-0 | 0-1 | 1-1 | 1-2 | 0-1,2-0 | 3-2 | 1-0 | 3-1 | 2-2 | 2-2 | 1-1 | 0-1 | 1-0 | 0-3
1748821,2026-10-10,Deportivo Tachira FC,UCV,598,,10,4,3,3,40.0,30.0,30.0,40.0,30.0,30.0,1.9,50.0,2-4 | 1-1 | 2-0 | 3-1 | 2-5 | 0-0 | 3-1 | 3-2 | 1-3 | 1-0,1-1 | 1-0 | 0-2 | 0-0 | 1-1 | 4-1 | 2-0 | 0-1 | 2-1 | 2-1
1744348,2026-10-10,Portuguesa FC,Deportivo La Guaira,,,25,6,9,10,24.0,36.0,40.0,24.0,36.0,40.0,2.16,52.0,2-1 | 2-1 | 1-1 | 1-1 | 1-1 | 2-2 | 0-0 | 1-0 | 3-4 | 1-0,2-4 | 1-0 | 0-2 | 2-0 | 1-1 | 1-2 | 1-4 | 6-1 | 1-2 | 1-2
1742956,2026-10-10,Esbjerg,Aalborg,,,60,19,18,23,31.7,30.0,38.3,31.7,30.0,38.3,2.38,51.7,3-0 | 0-5 | 2-2 | 1-0 | 0-2 | 1-5 | 4-2 | 1-2 | 2-1 | 0-6,2-2 | 2-2 | 0-2 | 0-0 | 2-1 | 2-1 | 0-3 | 1-1 | 1-3 | 1-2
1742957,2026-10-10,Hobro,Kolding IF,,,12,1,4,7,8.3,33.3,58.3,8.3,33.3,58.3,2.58,75.0,5-2 | 0-0 | 1-3 | 3-1 | 2-1 | 1-2 | 1-0 | 0-4 | 1-2 | 1-2,1-1 | 0-0 | 1-2 | 2-1 | 2-1 | 1-4 | 2-2 | 2-3 | 1-1 | 0-1
1742955,2026-10-10,Hillerod Fodbold,FC Fredericia,,,8,3,1,4,37.5,12.5,50.0,37.5,12.5,50.0,3.0,50.0,1-1 | 1-0 | 2-1 | 1-1 | 3-1 | 0-4 | 1-0 | 1-1 | 5-4 | 0-12,2-2 | 0-0 | 1-0 | 2-1 | 1-2 | 0-0 | 0-3 | 1-1 | 0-6 | 1-1
1742425,2026-10-10,AIK Stockholm,IF Brommapojkarna,387,,24,18,4,2,75.0,16.7,8.3,75.0,16.7,8.3,3.17,45.8,2-1 | 1-1 | 1-4 | 0-0 | 3-2 | 0-3 | 1-3 | 3-4 | 0-3 | 0-0,0-1 | 3-1 | 2-1 | 4-0 | 2-1 | 2-0 | 3-1 | 2-2 | 1-2 | 1-1
1742534,2026-10-10,FC Nizhny Novgorod,Yenisey Krasnoyarsk,,,6,1,1,4,16.7,16.7,66.7,16.7,16.7,66.7,1.83,33.3,6-0 | 1-2 | 1-2 | 0-1 | 2-2 | 4-2 | 3-2 | 1-3 | 5-1 | 3-0,1-1 | 3-1 | 4-0 | 0-2 | 0-0 | 3-1 | 2-2 | 0-0 | 2-2 | 4-1
1742531,2026-10-10,Ural,Veles Moscow,567,,1,1,0,0,100.0,0.0,0.0,100.0,0.0,0.0,4.0,100.0,1-2 | 0-1 | 1-1 | 2-1 | 2-0 | 2-2 | 2-0 | 1-1 | 3-0 | 0-3,1-2 | 1-1 | 1-2 | 1-0 | 1-1 | 0-1 | 2-0 | 3-2 | 2-0 | 2-1
1742532,2026-10-10,Leningradets,FC Torpedo Moscow,,,2,1,0,1,50.0,0.0,50.0,50.0,0.0,50.0,5.0,100.0,0-1 | 6-0 | 2-2 | 3-2 | 0-1 | 1-1 | 0-0 | 2-1 | 2-1 | 0-0,1-2 | 0-0 | 1-1 | 1-2 | 2-0 | 1-4 | 0-2 | 3-0 | 0-4 | 1-2
1742533,2026-10-10,Rotor Volgograd,Volga Ulyanovsk,,,4,2,2,0,50.0,50.0,0.0,50.0,50.0,0.0,2.0,75.0,0-2 | 4-0 | 2-0 | 2-2 | 1-0 | 0-1 | 2-1 | 1-1 | 4-1 | 2-1,1-2 | 0-1 | 0-1 | 2-2 | 3-0 | 2-2 | 1-3 | 1-0 | 1-2 | 0-2
1742530,2026-10-10,SKA-Energiya,Kamaz Chelny,,,25,7,9,9,28.0,36.0,36.0,28.0,36.0,36.0,2.2,48.0,0-0 | 1-1 | 2-2 | 0-4 | 3-2 | 0-2 | 4-2 | 2-0 | 1-3 | 0-3,0-1 | 1-1 | 1-0 | 2-0 | 0-1 | 2-3 | 0-1 | 2-2 | 1-2 | 1-1
1741807,2026-10-10,Shinnik Yaroslavl,Tekstilshtik Ivanovo,,,7,3,2,2,42.9,28.6,28.6,42.9,28.6,28.6,2.29,28.6,0-0 | 0-1 | 1-1 | 2-0 | 2-2 | 0-0 | 1-3 | 0-2 | 2-2 | 3-0,3-2 | 0-2 | 2-2 | 1-0 | 1-4 | 0-1 | 2-0 | 0-1 | 1-3 | 0-0
1746443,2026-10-10,Cerrito,Tacuarembo,,,17,5,6,6,29.4,35.3,35.3,29.4,35.3,35.3,2.24,41.2,2-2 | 1-3 | 1-2 | 1-3 | 1-1 | 0-0 | 0-2 | 1-2 | 0-2 | 2-1,0-1 | 2-2 | 1-1 | 2-2 | 2-2 | 0-1 | 1-0 | 0-2 | 0-1 | 1-1
1742674,2026-10-10,Livingston,Partick,,,48,19,13,16,39.6,27.1,33.3,39.6,27.1,33.3,2.92,58.3,1-2 | 0-2 | 2-2 | 1-4 | 0-1 | 1-0 | 2-0 | 2-0 | 2-0 | 0-0,3-0 | 0-0 | 1-0 | 1-0 | 0-0 | 1-1 | 1-0 | 2-0 | 0-1 | 2-2
1742673,2026-10-10,Inverness CT,Stenhousemuir,,,15,7,4,4,46.7,26.7,26.7,46.7,26.7,26.7,3.2,66.7,2-0 | 2-2 | 1-3 | 0-2 | 3-1 | 1-1 | 6-2 | 0-0 | 0-0 | 0-1,0-1 | 1-0 | 1-0 | 0-3 | 0-1 | 3-1 | 0-2 | 1-0 | 2-0 | 1-1
1742672,2026-10-10,Ayr Utd,Dunfermline,,,61,15,14,32,24.6,23.0,52.5,24.6,23.0,52.5,2.61,41.0,1-2 | 0-1 | 0-2 | 1-3 | 1-0 | 1-1 | 2-0 | 3-2 | 1-1 | 2-0,1-4 | 0-1 | 2-0 | 1-1 | 1-0 | 2-0 | 1-2 | 1-1 | 0-0 | 0-1
1742671,2026-10-10,Arbroath,Morton,,,33,8,10,15,24.2,30.3,45.5,24.2,30.3,45.5,2.61,54.5,3-0 | 2-1 | 1-0 | 4-0 | 1-1 | 1-0 | 1-2 | 0-0 | 2-0 | 1-0,1-2 | 2-0 | 0-1 | 1-4 | 2-1 | 1-1 | 1-2 | 2-0 | 0-1 | 0-1
1742675,2026-10-10,Raith Rovers,Queens Park,,,34,21,5,8,61.8,14.7,23.5,61.8,14.7,23.5,2.94,47.1,1-2 | 0-2 | 0-0 | 4-0 | 0-2 | 1-0 | 2-0 | 1-2 | 1-1 | 1-0,2-1 | 0-2 | 2-0 | 2-1 | 0-0 | 0-2 | 1-2 | 2-0 | 3-1 | 2-1
1748710,2026-10-10,Kawkab A.C. Marrakech,Ittihad Tanger,,,10,3,4,3,30.0,40.0,30.0,30.0,40.0,30.0,1.9,40.0,0-1 | 2-3 | 1-1 | 0-0 | 1-1 | 2-0 | 2-0 | 0-2 | 1-0 | 2-0,1-1 | 1-3 | 2-1 | 1-0 | 1-1 | 2-0 | 1-0 | 0-2 | 2-1 | 1-0
1742388,2026-10-10,Al-Ahli Doha,Al-Sailiya,,,25,10,6,9,40.0,24.0,36.0,40.0,24.0,36.0,3.32,60.0,1-1 | 0-1 | 1-0 | 3-0 | 2-2 | 1-0 | 3-3 | 3-1 | 3-0 | 1-3,1-1 | 1-0 | 3-6 | 0-2 | 3-2 | 2-0 | 1-2 | 1-0 | 1-3 | 0-1
1742769,2026-10-10,Chindia Targoviste,Concordia,,,7,2,2,3,28.6,28.6,42.9,28.6,28.6,42.9,2.43,71.4,1-0 | 0-1 | 4-0 | 3-2 | 0-1 | 1-3 | 1-2 | 0-3 | 1-2 | 3-1,0-1 | 2-5 | 1-2 | 2-5 | 1-3 | 1-5 | 5-1 | 1-2 | 1-4 | 2-0
1742773,2026-10-10,Metalul Buzau,ASA Targu Mures,,,2,1,0,1,50.0,0.0,50.0,50.0,0.0,50.0,3.0,50.0,0-1 | 2-0 | 1-1 | 1-3 | 2-0 | 0-0 | 0-1 | 2-4 | 3-1 | 0-0,4-3 | 2-2 | 3-2 | 3-0 | 1-0 | 2-1 | 1-1 | 0-2 | 0-2 | 2-1
1742768,2026-10-10,Cetatea Suceava,Dumbravita,,,10,4,3,3,40.0,30.0,30.0,40.0,30.0,30.0,3.1,50.0,2-2 | 4-0 | 2-2 | 1-1 | 3-1 | 2-0 | 1-0 | 0-2 | 1-3 | 4-0,0-2 | 0-2 | 6-1 | 0-1 | 2-2 | 1-1 | 1-0 | 1-0 | 1-1 | 2-1
1742770,2026-10-10,CS Comunal Selimbar,Unirea 2004 Slobozia,,,6,1,2,3,16.7,33.3,50.0,16.7,33.3,50.0,2.17,50.0,2-0 | 2-1 | 4-0 | 1-1 | 0-1 | 1-1 | 1-3 | 3-1 | 3-0 | 1-1,0-1 | 2-0 | 8-0 | 2-1 | 1-2 | 1-0 | 1-0 | 1-4 | 0-3 | 1-1
1742774,2026-10-10,CSM Scolar Resita,CSM Slatina,,,4,1,2,1,25.0,50.0,25.0,25.0,50.0,25.0,2.0,25.0,0-1 | 0-2 | 0-1 | 1-2 | 2-1 | 4-1 | 2-3 | 2-0 | 1-3 | 0-2,0-4 | 0-0 | 2-1 | 0-2 | 3-2 | 0-0 | 2-0 | 0-2 | 0-1 | 0-3
1742693,2026-10-10,CDA Aguilas FC,Huesca,,197,1,0,0,1,0.0,0.0,100.0,0.0,0.0,100.0,1.0,0.0,4-1 | 0-1 | 1-1 | 1-0 | 2-0 | 2-2 | 0-0 | 3-0 | 1-0 | 1-1,3-1 | 1-1 | 0-0 | 0-3 | 2-2 | 1-0 | 3-1 | 4-0 | 0-1 | 1-0
1742694,2026-10-10,Juventud Torremolinos CF,Gimnastic Tarragona,,,2,1,0,1,50.0,0.0,50.0,50.0,0.0,50.0,2.0,0.0,5-0 | 1-2 | 1-0 | 3-4 | 2-0 | 2-2 | 1-0 | 1-0 | 1-1 | 1-0,2-0 | 1-2 | 3-0 | 4-2 | 0-0 | 2-0 | 3-0 | 2-0 | 2-2 | 1-1
1742695,2026-10-10,Teruel,Alcorcon,,,3,0,1,2,0.0,33.3,66.7,0.0,33.3,66.7,2.0,66.7,4-1 | 1-1 | 2-0 | 0-1 | 4-0 | 0-0 | 0-2 | 3-1 | 0-1 | 2-0,5-0 | 1-2 | 3-0 | 1-1 | 0-0 | 2-2 | 0-2 | 1-0 | 2-1 | 1-1
1742696,2026-10-10,Real Jaen,Villarreal B,,,10,6,2,2,60.0,20.0,20.0,60.0,20.0,20.0,2.4,30.0,0-0 | 2-0 | 2-1 | 0-1 | 2-2 | 0-3 | 0-2 | 0-3 | 3-0 | 1-2,0-1 | 1-3 | 2-2 | 0-3 | 2-1 | 1-2 | 0-2 | 2-0 | 0-2 | 2-4
1742433,2026-10-10,Buriram United,Rayong FC,227,,8,6,1,1,75.0,12.5,12.5,75.0,12.5,12.5,4.0,62.5,0-1 | 1-1 | 1-1 | 1-3 | 5-0 | 0-2 | 0-3 | 1-0 | 2-1 | 0-1,1-1 | 2-3 | 1-0 | 0-1 | 1-1 | 6-1 | 3-0 | 1-1 | 4-1 | 4-1
1742432,2026-10-10,BG Pathum United,Ayutthaya United,,,2,2,0,0,100.0,0.0,0.0,100.0,0.0,0.0,1.5,0.0,3-2 | 1-1 | 3-2 | 0-0 | 2-2 | 1-3 | 0-3 | 3-0 | 1-1 | 1-0,1-2 | 0-1 | 2-1 | 5-0 | 1-4 | 4-1 | 1-3 | 2-0 | 2-0 | 0-1
1742294,2026-10-10,Kalju Nomme,Harju Jalgpallikool,245,,11,8,1,2,72.7,9.1,18.2,72.7,9.1,18.2,2.18,36.4,1-3 | 2-0 | 1-2 | 2-1 | 2-3 | 2-0 | 1-0 | 3-1 | 0-12 | 0-2,0-10 | 0-0 | 1-2 | 3-2 | 0-2 | 1-2 | 1-0 | 1-2 | 3-1 | 3-2
1742295,2026-10-10,Parnu JK Vaprus,Trans Narva,,,31,8,7,16,25.8,22.6,51.6,25.8,22.6,51.6,2.77,45.2,3-2 | 2-0 | 4-0 | 3-2 | 1-0 | 3-2 | 2-2 | 1-2 | 3-1 | 0-5,1-1 | 2-0 | 2-2 | 3-1 | 0-2 | 2-0 | 4-0 | 1-1 | 8-0 | 0-2
1742296,2026-10-10,Tammeka Tartu,FC Nomme United,,,8,6,1,1,75.0,12.5,12.5,75.0,12.5,12.5,3.12,75.0,4-1 | 1-3 | 6-0 | 1-3 | 0-2 | 0-2 | 3-2 | 0-2 | 3-1 | 1-0,0-1 | 2-3 | 1-3 | 1-0 | 2-3 | 2-1 | 1-2 | 2-1 | 1-0 | 3-2
1742510,2026-10-10,Barito Putera,Persiba Balikpapan,,,7,4,2,1,57.1,28.6,14.3,57.1,28.6,14.3,2.86,57.1,0-1 | 2-2 | 3-2 | 3-2 | 8-3 | 1-1 | 3-3 | 1-0 | 0-1 | 1-1,2-0 | 0-1 | 0-1 | 3-2 | 1-2 | 2-1 | 1-1 | 3-3 | 3-0 | 0-1
1742736,2026-10-10,Pergolettese,Carpi,,251,10,1,7,2,10.0,70.0,20.0,10.0,70.0,20.0,1.0,20.0,2-2 | 0-0 | 0-0 | 0-0 | 0-1 | 0-0 | 0-1 | 2-0 | 1-1 | 0-0,2-0 | 0-3 | 2-2 | 2-2 | 1-2 | 0-1 | 1-1 | 3-3 | 3-1 | 3-2
1742740,2026-10-10,Novara,Cittadella,446,,19,6,7,6,31.6,36.8,31.6,31.6,36.8,31.6,3.0,63.2,1-2 | 0-2 | 2-2 | 0-0 | 0-1 | 1-2 | 0-0 | 2-2 | 1-0 | 0-1,1-2 | 3-0 | 0-1 | 2-0 | 1-2 | 2-1 | 4-1 | 0-1 | 2-0 | 2-2
1742738,2026-10-10,Desenzano,Dolomiti Bellunesi,,,10,3,5,2,30.0,50.0,20.0,30.0,50.0,20.0,1.4,40.0,1-2 | 0-0 | 0-0 | 1-3 | 1-2 | 1-0 | 0-1 | 0-0 | 1-1 | 0-0,1-2 | 1-1 | 1-2 | 0-0 | 0-0 | 1-2 | 0-0 | 1-2 | 1-0 | 4-0
1742739,2026-10-10,Lumezzane,AlbinoLeffe,,,23,11,7,5,47.8,30.4,21.7,47.8,30.4,21.7,2.17,47.8,1-2 | 1-2 | 0-0 | 2-2 | 2-1 | 1-0 | 2-0 | 2-2 | 1-0 | 1-0,1-2 | 1-1 | 3-5 | 1-2 | 0-0 | 0-1 | 1-1 | 1-2 | 2-1 | 1-2
1742592,2026-10-10,Stevenage,Wigan,,278,6,3,2,1,50.0,33.3,16.7,50.0,33.3,16.7,1.67,33.3,2-1 | 1-6 | 1-0 | 2-1 | 1-5 | 0-0 | 2-2 | 0-3 | 1-2 | 1-1,3-2 | 0-1 | 0-0 | 0-4 | 3-1 | 1-0 | 0-2 | 3-2 | 3-2 | 1-1
1742586,2026-10-10,Cambridge United,Blackpool,,392,15,4,5,6,26.7,33.3,40.0,26.7,33.3,40.0,3.13,66.7,2-1 | 1-1 | 1-4 | 1-1 | 2-1 | 2-2 | 1-2 | 1-2 | 0-1 | 1-1,2-2 | 3-2 | 2-4 | 2-2 | 3-1 | 2-1 | 4-0 | 1-4 | 1-2 | 1-1
1742594,2026-10-10,Wycombe,Luton,,402,33,5,11,17,15.2,33.3,51.5,15.2,33.3,51.5,2.27,48.5,4-1 | 2-2 | 0-1 | 2-1 | 2-3 | 3-3 | 1-2 | 5-1 | 1-1 | 1-1,6-0 | 0-1 | 2-1 | 1-1 | 2-0 | 5-2 | 2-0 | 2-2 | 3-4 | 0-3
1742589,2026-10-10,Leicester,Peterborough,495,,13,7,3,3,53.8,23.1,23.1,53.8,23.1,23.1,3.08,69.2,2-1 | 6-1 | 1-1 | 3-4 | 0-4 | 2-0 | 0-0 | 3-1 | 1-2 | 1-1,4-1 | 1-0 | 3-1 | 0-2 | 3-3 | 1-1 | 1-2 | 0-0 | 4-0 | 1-5
1742591,2026-10-10,Milton Keynes Dons,Reading,,541,6,1,1,4,16.7,16.7,66.7,16.7,16.7,66.7,2.67,50.0,7-1 | 4-1 | 0-0 | 1-1 | 3-3 | 3-1 | 0-0 | 1-1 | 2-2 | 4-1,1-1 | 2-2 | 2-0 | 1-2 | 2-1 | 3-1 | 5-0 | 0-3 | 0-0 | 1-1
1742588,2026-10-10,Huddersfield,Sheffield Wed,,,29,10,11,8,34.5,37.9,27.6,34.5,37.9,27.6,2.21,34.5,5-0 | 1-3 | 2-1 | 0-0 | 1-3 | 1-1 | 3-1 | 1-2 | 1-1 | 3-0,2-0 | 1-2 | 0-0 | 0-0 | 1-2 | 1-2 | 7-2 | 0-2 | 0-1 | 1-2
1742583,2026-10-10,Notts County,Oxford United,,,14,4,3,7,28.6,21.4,50.0,28.6,21.4,50.0,2.93,71.4,2-1 | 2-0 | 0-1 | 1-1 | 1-1 | 2-1 | 2-2 | 1-1 | 1-1 | 0-0,2-2 | 1-1 | 3-0 | 0-4 | 3-1 | 1-2 | 2-2 | 2-0 | 0-2 | 2-0
1742584,2026-10-10,Plymouth,AFC Wimbledon,,,24,11,5,8,45.8,20.8,33.3,45.8,20.8,33.3,2.88,62.5,0-2 | 0-1 | 5-1 | 2-4 | 3-0 | 2-3 | 2-0 | 2-0 | 2-4 | 1-1,0-0 | 1-1 | 0-0 | 1-0 | 0-2 | 4-1 | 1-0 | 3-0 | 0-0 | 1-1
1742585,2026-10-10,Bradford,Leyton Orient,,,21,8,6,7,38.1,28.6,33.3,38.1,28.6,33.3,2.05,47.6,0-4 | 1-1 | 2-1 | 0-1 | 0-1 | 1-3 | 1-0 | 1-2 | 2-0 | 0-0,0-2 | 1-0 | 1-2 | 2-3 | 1-3 | 1-1 | 0-5 | 1-3 | 0-2 | 1-1
1742587,2026-10-10,Doncaster,Burton Albion,,,16,8,5,3,50.0,31.2,18.8,50.0,31.2,18.8,3.06,56.2,1-0 | 0-2 | 1-0 | 1-3 | 2-3 | 1-1 | 2-2 | 1-3 | 0-0 | 2-1,1-3 | 0-1 | 1-1 | 2-2 | 3-0 | 2-2 | 4-1 | 2-1 | 1-2 | 1-1
1742590,2026-10-10,Mansfield,Bromley,,,10,2,2,6,20.0,20.0,60.0,20.0,20.0,60.0,3.3,50.0,2-0 | 2-2 | 0-0 | 1-0 | 5-0 | 5-2 | 2-1 | 1-4 | 2-1 | 0-3,4-0 | 0-1 | 2-1 | 2-2 | 0-2 | 0-5 | 7-2 | 1-1 | 0-1 | 1-1
1742593,2026-10-10,Stockport,Barnsley,,,18,5,7,6,27.8,38.9,33.3,27.8,38.9,33.3,3.33,77.8,0-2 | 1-0 | 0-0 | 3-4 | 0-4 | 2-0 | 5-1 | 1-2 | 6-3 | 1-3,4-1 | 3-4 | 1-1 | 3-3 | 3-0 | 1-5 | 2-1 | 1-3 | 3-2 | 0-0
1742284,2026-10-10,Shanghai Shenhua,Yunnan Yukun,292,,4,2,1,1,50.0,25.0,25.0,50.0,25.0,25.0,4.0,75.0,0-0 | 2-1 | 1-3 | 1-0 | 2-3 | 4-5 | 0-3 | 4-1 | 0-1 | 3-1,5-0 | 1-0 | 6-0 | 3-3 | 3-1 | 1-0 | 3-2 | 4-3 | 3-3 | 2-2
1742283,2026-10-10,Chengdu Qianbao,Tianjin Teda,,,9,4,3,2,44.4,33.3,22.2,44.4,33.3,22.2,2.89,88.9,0-0 | 2-1 | 4-5 | 2-3 | 1-0 | 1-1 | 2-2 | 3-3 | 1-1 | 1-1,1-0 | 2-1 | 1-1 | 0-0 | 2-4 | 2-1 | 3-2 | 0-2 | 0-2 | 3-0
1744712,2026-10-10,Betis Deportivo Balompie,Xerez,,337,10,6,2,2,60.0,20.0,20.0,60.0,20.0,20.0,3.1,40.0,0-2 | 4-0 | 0-1 | 0-0 | 0-1 | 0-3 | 3-4 | 3-1 | 2-3 | 2-2,2-1 | 1-0 | 0-0 | 1-2 | 0-0 | 1-1 | 1-0 | 0-3 | 0-0 | 1-1
1742814,2026-10-10,Spezia,Gubbio,367,,3,1,1,1,33.3,33.3,33.3,33.3,33.3,33.3,3.0,66.7,0-1 | 1-2 | 3-1 | 0-3 | 2-0 | 1-2 | 3-0 | 1-0 | 1-1 | 4-1,1-3 | 2-0 | 0-2 | 1-1 | 3-1 | 2-4 | 5-0 | 1-2 | 3-0 | 1-2
1742811,2026-10-10,Vis Pesaro,Grosseto,,,2,1,1,0,50.0,50.0,0.0,50.0,50.0,0.0,2.5,100.0,2-1 | 3-1 | 1-4 | 2-1 | 1-2 | 5-0 | 2-2 | 2-0 | 1-2 | 1-2,1-3 | 0-4 | 2-0 | 2-2 | 0-0 | 1-4 | 2-0 | 1-2 | 1-1 | 2-3
1742812,2026-10-10,Ostia Mare,Pianese,,,4,1,1,2,25.0,25.0,50.0,25.0,25.0,50.0,2.25,25.0,1-1 | 1-1 | 0-2 | 0-1 | 3-2 | 1-2 | 1-2 | 1-0 | 1-1 | 4-0,2-1 | 3-2 | 1-1 | 2-1 | 0-0 | 1-0 | 0-0 | 2-0 | 3-2 | 0-0
1742813,2026-10-10,Pineto,Reggiana,,,10,1,5,4,10.0,50.0,40.0,10.0,50.0,40.0,2.2,60.0,1-0 | 0-4 | 2-2 | 1-1 | 2-1 | 2-1 | 0-0 | 0-0 | 1-2 | 1-1,0-1 | 1-0 | 1-0 | 1-4 | 1-1 | 3-1 | 1-2 | 1-1 | 3-1 | 1-0
1742479,2026-10-10,Asociacion Deportiva Tarma,FC Cajamarca,500,,1,0,1,0,0.0,100.0,0.0,0.0,100.0,0.0,4.0,100.0,5-0 | 0-1 | 2-1 | 2-0 | 3-0 | 1-3 | 2-0 | 5-1 | 1-1 | 1-1,1-2 | 1-2 | 2-5 | 2-3 | 1-3 | 2-3 | 2-4 | 0-2 | 2-1 | 2-2
1742480,2026-10-10,Comerciantes Unidos,Adc Juan Pablo II,,,4,2,2,0,50.0,50.0,0.0,50.0,50.0,0.0,2.0,25.0,2-1 | 0-1 | 2-2 | 2-3 | 1-3 | 1-0 | 3-1 | 3-2 | 2-2 | 2-2,4-0 | 1-2 | 1-1 | 3-4 | 5-1 | 2-0 | 0-0 | 2-0 | 2-0 | 2-2
1742527,2026-10-10,Amarante,Portimonense,,,10,4,3,3,40.0,30.0,30.0,40.0,30.0,30.0,2.0,40.0,0-2 | 2-2 | 3-1 | 1-0 | 0-0 | 0-1 | 2-1 | 1-3 | 1-0 | 0-0,0-1 | 0-2 | 1-0 | 0-2 | 1-1 | 2-0 | 0-1 | 1-2 | 1-0 | 1-1
1742529,2026-10-10,Vizela,Sporting CP B,,,4,4,0,0,100.0,0.0,0.0,100.0,0.0,0.0,2.0,50.0,0-1 | 2-2 | 1-0 | 0-3 | 0-0 | 2-0 | 1-0 | 4-0 | 1-0 | 0-0,2-4 | 1-2 | 1-3 | 2-1 | 2-0 | 1-0 | 0-1 | 0-0 | 0-1 | 0-1
1742526,2026-10-10,Tondela,Torreense,,,8,4,3,1,50.0,37.5,12.5,50.0,37.5,12.5,2.88,62.5,1-5 | 0-2 | 3-0 | 2-0 | 0-2 | 1-0 | 2-1 | 1-0 | 3-1 | 2-0,1-2 | 0-0 | 0-2 | 0-3 | 2-2 | 2-2 | 2-1 | 1-0 | 0-0 | 2-0
1742528,2026-10-10,Leixoes,FC Porto B,,,27,12,4,11,44.4,14.8,40.7,44.4,14.8,40.7,2.44,44.4,0-4 | 0-0 | 3-1 | 0-2 | 2-4 | 1-0 | 1-0 | 6-2 | 2-1 | 1-2,2-2 | 3-0 | 0-3 | 0-1 | 1-3 | 2-0 | 2-0 | 0-1 | 1-0 | 3-0
1744450,2026-10-10,Crotone,Audace Cerignola,607,,9,3,3,3,33.3,33.3,33.3,33.3,33.3,33.3,2.56,66.7,2-1 | 2-1 | 2-2 | 0-2 | 1-1 | 2-2 | 1-0 | 0-1 | 0-2 | 1-1,0-0 | 2-1 | 0-0 | 1-0 | 4-0 | 0-2 | 3-1 | 3-1 | 1-1 | 1-1
1744447,2026-10-10,Bari,Giugliano,,,10,6,2,2,60.0,20.0,20.0,60.0,20.0,20.0,2.0,30.0,2-1 | 1-0 | 1-2 | 0-0 | 0-3 | 1-0 | 1-1 | 3-0 | 3-0 | 1-0,1-0 | 1-0 | 5-2 | 4-0 | 0-2 | 4-3 | 3-3 | 0-0 | 1-1 | 1-1
1744449,2026-10-10,Casertana,Monopoli,,,18,10,4,4,55.6,22.2,22.2,55.6,22.2,22.2,2.11,55.6,2-0 | 1-2 | 0-0 | 1-0 | 2-3 | 2-2 | 1-2 | 3-3 | 1-2 | 1-1,0-0 | 0-1 | 2-2 | 0-0 | 1-0 | 1-0 | 1-1 | 2-0 | 1-0 | 1-0
1744452,2026-10-10,Savoia,Inter U23,,,10,3,4,3,30.0,40.0,30.0,30.0,40.0,30.0,2.6,60.0,0-0 | 4-2 | 1-1 | 0-0 | 1-1 | 0-2 | 0-3 | 1-2 | 3-2 | 1-2,3-2 | 0-2 | 2-3 | 4-1 | 1-1 | 1-2 | 1-1 | 0-0 | 0-3 | 1-2
1741843,2026-10-10,Zenit II,Amkar,,630,3,1,1,1,33.3,33.3,33.3,33.3,33.3,33.3,5.67,100.0,1-3 | 0-1 | 0-2 | 3-2 | 0-3 | 1-2 | 2-0 | 5-0 | 2-2 | 3-6,1-2 | 0-1 | 4-0 | 2-3 | 2-2 | 5-0 | 5-1 | 0-3 | 0-2 | 0-3
1741841,2026-10-10,Irtysh,Tyumen,,,6,0,1,5,0.0,16.7,83.3,0.0,16.7,83.3,5.17,50.0,4-0 | 0-2 | 3-1 | 0-1 | 5-0 | 1-0 | 6-1 | 2-0 | 1-1 | 0-3,0-1 | 2-0 | 2-1 | 2-3 | 5-2 | 5-0 | 1-1 | 4-3 | 1-0 | 0-2
1742473,2026-10-10,MOL Fehervar FC,Szentlorinc SE,651,,2,0,1,1,0.0,50.0,50.0,0.0,50.0,50.0,1.5,50.0,1-0 | 4-1 | 2-1 | 2-1 | 1-2 | 2-1 | 1-0 | 3-1 | 4-0 | 1-3,2-1 | 0-1 | 2-0 | 0-1 | 3-2 | 3-2 | 1-0 | 0-0 | 0-2 | 3-3
1742471,2026-10-10,Mezokovesd-Zsory,Szeged-Csanad,,,4,2,0,2,50.0,0.0,50.0,50.0,0.0,50.0,2.0,50.0,4-1 | 0-2 | 2-0 | 4-2 | 1-2 | 1-0 | 1-0 | 1-0 | 2-0 | 2-3,1-0 | 0-4 | 2-2 | 1-1 | 1-2 | 0-1 | 1-0 | 1-1 | 0-1 | 2-3
1742470,2026-10-10,Kozarmisleny FC,Diosgyori VTK,,,3,1,1,1,33.3,33.3,33.3,33.3,33.3,33.3,2.67,66.7,1-1 | 1-3 | 2-0 | 3-0 | 1-2 | 2-1 | 2-0 | 2-1 | 4-0 | 3-0,2-0 | 4-1 | 2-1 | 0-2 | 4-1 | 1-1 | 4-0 | 2-3 | 1-0 | 1-3
1742468,2026-10-10,Kazincbarcikai,Karcagi Se,,,10,4,4,2,40.0,40.0,20.0,40.0,40.0,20.0,2.9,70.0,4-1 | 1-2 | 2-2 | 1-1 | 0-2 | 2-1 | 2-2 | 3-1 | 0-0 | 2-0,1-1 | 1-5 | 2-0 | 2-1 | 1-4 | 3-3 | 1-1 | 2-2 | 0-0 | 2-1
1742472,2026-10-10,Tiszakecske FC,FC Ajka,,,8,4,1,3,50.0,12.5,37.5,50.0,12.5,37.5,3.62,87.5,3-3 | 3-2 | 2-0 | 1-2 | 4-1 | 3-3 | 1-0 | 1-1 | 1-1 | 3-2,1-0 | 2-2 | 0-3 | 0-1 | 2-0 | 1-1 | 1-1 | 3-1 | 2-3 | 2-1
1742549,2026-10-10,Boluspor,Antalyaspor,,652,5,0,2,3,0.0,40.0,60.0,0.0,40.0,60.0,2.0,40.0,3-0 | 2-1 | 1-1 | 6-0 | 0-2 | 2-0 | 0-3 | 2-0 | 1-2 | 3-1,3-0 | 1-2 | 1-2 | 0-1 | 1-2 | 2-3 | 2-0 | 4-3 | 1-0 | 4-2
1742552,2026-10-10,Kayserispor,Manisa FK,,,2,1,1,0,50.0,50.0,0.0,50.0,50.0,0.0,5.5,100.0,0-1 | 4-0 | 0-3 | 1-1 | 1-2 | 0-1 | 2-0 | 0-2 | 2-1 | 3-1,0-1 | 1-1 | 1-2 | 4-2 | 0-0 | 2-2 | 4-1 | 1-2 | 6-2 | 1-1
1742550,2026-10-10,Igdir FK,Batman Petrolspor,,,10,5,2,3,50.0,20.0,30.0,50.0,20.0,30.0,2.8,50.0,2-2 | 1-0 | 1-2 | 4-2 | 0-1 | 0-1 | 1-0 | 2-0 | 3-3 | 2-1,1-2 | 4-0 | 4-3 | 0-2 | 2-1 | 1-2 | 2-0 | 2-2 | 6-0 | 3-3
1742551,2026-10-10,Istanbulspor AS,Esenler Erokspor,,,5,3,0,2,60.0,0.0,40.0,60.0,0.0,40.0,4.0,40.0,0-1 | 4-0 | 1-2 | 4-0 | 1-1 | 3-2 | 2-2 | 3-0 | 8-1 | 1-3,0-2 | 2-2 | 0-3 | 0-0 | 0-1 | 1-1 | 1-1 | 0-0 | 0-2 | 1-1
1742439,2026-10-10,Kolos Kovalivka,Epitsentr Dunaivtsi,,,2,1,0,1,50.0,0.0,50.0,50.0,0.0,50.0,2.5,0.0,1-2 | 1-2 | 1-2 | 0-0 | 2-3 | 1-2 | 2-3 | 0-2 | 2-1 | 2-4,0-2 | 3-0 | 0-3 | 0-0 | 0-3 | 1-2 | 0-0 | 0-2 | 3-0 | 0-0
1742440,2026-10-10,Obolon Kiev,Kryvbas Kryvyi Rih,,,2,0,1,1,0.0,50.0,50.0,0.0,50.0,50.0,1.5,50.0,1-1 | 1-2 | 1-1 | 0-2 | 3-1 | 0-0 | 5-0 | 0-0 | 1-0 | 2-0,1-0 | 0-2 | 2-2 | 1-0 | 0-3 | 1-1 | 1-3 | 1-4 | 1-1 | 2-3
1750387,2026-10-10,Independiente F.B.C.,Atletico Tembetary,,,3,0,1,2,0.0,33.3,66.7,0.0,33.3,66.7,4.67,100.0,2-3 | 2-2 | 0-1 | 0-4 | 1-0 | 1-2 | 0-0 | 5-2 | 0-0 | 1-2,3-2 | 2-1 | 2-0 | 2-1 | 1-2 | 1-1 | 0-2 | 3-4 | 2-1 | 3-0
1750385,2026-10-10,Club 3 De Noviembre,Fernando De La Mora,,,1,0,1,0,0.0,100.0,0.0,0.0,100.0,0.0,4.0,100.0,1-0 | 1-3 | 1-1 | 1-2 | 1-0 | 4-3 | 5-2 | 0-1 | 3-0 | 2-1,0-2 | 0-2 | 1-1 | 2-1 | 3-2 | 1-0 | 0-0 | 1-1 | 2-1 | 0-3
1742789,2026-10-10,Cheonan City,Gyeongnam FC,,,10,2,3,5,20.0,30.0,50.0,20.0,30.0,50.0,3.7,80.0,3-1 | 1-1 | 1-1 | 1-0 | 0-1 | 1-1 | 3-2 | 1-0 | 4-3 | 1-0,1-0 | 1-0 | 1-1 | 1-1 | 0-1 | 1-1 | 1-1 | 5-0 | 0-1 | 1-1
1742788,2026-10-10,Paju Frontier,Busan I Park,,,1,0,0,1,0.0,0.0,100.0,0.0,0.0,100.0,5.0,100.0,0-2 | 0-0 | 1-0 | 1-1 | 2-1 | 0-1 | 1-2 | 3-0 | 0-1 | 0-0,1-0 | 2-0 | 0-1 | 2-1 | 1-1 | 0-0 | 0-0 | 2-0 | 1-2 | 2-0
1742790,2026-10-10,Gimhae City,Chungnam Asan,,,1,0,1,0,0.0,100.0,0.0,0.0,100.0,0.0,2.0,100.0,0-2 | 2-0 | 2-2 | 2-0 | 1-1 | 1-0 | 2-2 | 0-1 | 1-1 | 1-5,3-1 | 0-1 | 2-0 | 2-3 | 2-0 | 1-1 | 2-0 | 2-1 | 3-2 | 1-0
1742372,2026-10-10,Ikorodu City,Kwara United,,,4,2,2,0,50.0,50.0,0.0,50.0,50.0,0.0,1.0,25.0,2-0 | 0-0 | 2-0 | 2-1 | 0-0 | 2-2 | 3-1 | 1-2 | 3-1 | 2-1,2-1 | 1-0 | 2-1 | 1-0 | 3-0 | 1-0 | 2-2 | 4-0 | 2-2 | 2-1
1744094,2026-10-10,Ranchers Bees,Niger Tornadoes,,,7,2,1,4,28.6,14.3,57.1,28.6,14.3,57.1,2.71,57.1,2-1 | 0-0 | 1-0 | 2-1 | 3-1 | 4-0 | 3-1,1-0 | 1-0 | 0-0 | 1-0 | 1-1 | 3-2 | 2-1 | 1-0 | 2-2 | 3-0
1744454,2026-10-10,Venados FC,Leones Negros UDG,,,24,8,6,10,33.3,25.0,41.7,33.3,25.0,41.7,2.29,45.8,1-2 | 2-1 | 2-1 | 5-0 | 4-3 | 3-1 | 4-2 | 5-1 | 3-2 | 1-1,6-3 | 1-2 | 2-0 | 2-2 | 1-3 | 1-1 | 1-2 | 4-0 | 1-3 | 0-2
1744453,2026-10-10,Tlaxcala FC,Piratas Veracruz,,,10,3,3,4,30.0,30.0,40.0,30.0,30.0,40.0,3.6,80.0,1-1 | 4-1 | 4-0 | 3-1 | 1-1 | 3-1 | 3-2 | 2-2 | 0-2 | 3-1,4-0 | 3-0 | 2-1 | 1-1 | 4-1 | 1-1 | 0-1 | 2-0 | 0-3 | 1-0
1744457,2026-10-10,Mineros de Zacatecas,Cancun FC,,,14,4,4,6,28.6,28.6,42.9,28.6,28.6,42.9,2.57,50.0,4-2 | 3-0 | 0-1 | 0-1 | 3-0 | 2-0 | 4-2 | 5-1 | 2-2 | 3-1,1-0 | 4-1 | 3-0 | 1-1 | 2-2 | 6-0 | 1-2 | 0-1 | 2-0 | 4-1
1742482,2026-10-10,CD Eldense,Cordoba,,,2,0,1,1,0.0,50.0,50.0,0.0,50.0,50.0,2.0,50.0,4-1 | 1-0 | 1-2 | 0-1 | 0-0 | 1-0 | 2-2 | 3-0 | 3-0 | 1-0,3-2 | 3-1 | 1-2 | 0-2 | 3-2 | 1-3 | 2-1 | 3-2 | 4-0 | 1-2
1742481,2026-10-10,AD Ceuta,Sabadell,,,10,2,3,5,20.0,30.0,50.0,20.0,30.0,50.0,2.7,60.0,1-1 | 5-0 | 0-1 | 3-1 | 1-1 | 0-1 | 1-3 | 3-1 | 1-1 | 0-2,0-0 | 1-1 | 3-1 | 2-0 | 3-2 | 1-0 | 0-0 | 0-0 | 0-3 | 2-2
1742314,2026-10-10,Paykan,Shams Azar Qazvin,,,4,0,2,2,0.0,50.0,50.0,0.0,50.0,50.0,2.0,75.0,1-0 | 2-0 | 1-0 | 0-0 | 2-3 | 0-0 | 2-0 | 0-0 | 1-1 | 0-2,2-3 | 1-0 | 0-0 | 0-2 | 1-2 | 1-1 | 0-2 | 0-2 | 1-0 | 0-0
1742797,2026-10-10,Ynyshir Albions FC,Llanelli Town AFC,,,2,0,0,2,0.0,0.0,100.0,0.0,0.0,100.0,5.0,50.0,1-2 | 1-1 | 2-1 | 2-2 | 0-0 | 0-1 | 2-1 | 1-1 | 1-0 | 0-0,1-2 | 2-0 | 3-0 | 0-2 | 4-0 | 2-2 | 4-2 | 3-0 | 1-1 | 1-4
1742558,2026-10-10,Ingulets Petrove,Ahrobiznes Volochysk,,,7,3,1,3,42.9,14.3,42.9,42.9,14.3,42.9,1.86,28.6,1-0 | 2-1 | 1-0 | 0-0 | 1-2 | 1-4 | 1-2 | 3-0 | 2-1 | 2-2,3-2 | 0-0 | 1-0 | 3-2 | 1-1 | 2-0 | 5-1 | 0-4 | 0-0 | 1-2
1743666,2026-10-10,South Melbourne,Melbourne Victory FC,,,10,6,1,3,60.0,10.0,30.0,60.0,10.0,30.0,3.1,70.0,3-1 | 2-1 | 2-1 | 1-0 | 1-2 | 1-2 | 0-3 | 3-3 | 2-0 | 2-1,1-1 | 0-2 | 0-5 | 0-1 | 2-0 | 6-3 | 8-0 | 0-4 | 2-3 | 0-1
1742800,2026-10-10,Trinec,Kladno,,,2,1,1,0,50.0,50.0,0.0,50.0,50.0,0.0,2.0,50.0,3-0 | 0-3 | 3-2 | 2-1 | 1-4 | 1-4 | 2-2 | 0-0 | 1-2 | 3-2,1-2 | 2-2 | 3-3 | 2-0 | 3-0 | 3-4 | 3-1 | 1-1 | 0-4 | 1-1
1742799,2026-10-10,Kromeriz,FK Pribram,,,4,2,0,2,50.0,0.0,50.0,50.0,0.0,50.0,2.75,50.0,3-2 | 2-2 | 1-1 | 2-1 | 2-1 | 4-1 | 0-4 | 0-3 | 2-0 | 0-2,1-1 | 1-1 | 2-2 | 0-0 | 1-2 | 3-1 | 1-3 | 1-1 | 7-2 | 4-0
1743506,2026-10-10,Kubikenborgs If,IFK Ostersund,,,8,2,2,4,25.0,25.0,50.0,25.0,25.0,50.0,2.38,37.5,0-4 | 0-1 | 1-4 | 4-2 | 6-1 | 1-2 | 1-0 | 1-3 | 3-1 | 1-3,2-5 | 2-0 | 2-1 | 4-0 | 5-0 | 2-2 | 6-2 | 2-2 | 1-5 | 1-0
1742544,2026-10-10,University of Pretoria FC,Leicesterford City,,,1,0,0,1,0.0,0.0,100.0,0.0,0.0,100.0,3.0,100.0,3-3 | 0-0 | 0-2 | 0-2 | 1-0 | 6-2 | 2-0 | 0-1 | 2-2 | 4-2,1-0 | 1-4 | 1-3 | 1-1 | 1-0 | 2-4 | 2-1 | 2-0 | 2-1 | 0-0
1742548,2026-10-10,Norrby IF,Osters IF,,,18,3,2,13,16.7,11.1,72.2,16.7,11.1,72.2,1.89,27.8,4-1 | 3-2 | 0-0 | 0-1 | 0-0 | 1-2 | 2-1 | 1-3 | 1-0 | 0-2,3-2 | 1-3 | 1-3 | 2-1 | 1-2 | 1-1 | 1-0 | 0-4 | 2-3 | 0-1
1742547,2026-10-10,IK Oddevold,Assyriska United IK,,,1,0,1,0,0.0,100.0,0.0,0.0,100.0,0.0,6.0,100.0,3-2 | 1-1 | 1-2 | 0-0 | 0-1 | 2-1 | 3-1 | 3-1 | 1-1 | 0-1,1-4 | 1-1 | 2-4 | 1-2 | 1-3 | 0-2 | 1-2 | 0-0 | 1-1 | 2-2
1750397,2026-10-10,ND Ilirija,Krka,,,10,2,4,4,20.0,40.0,40.0,20.0,40.0,40.0,2.4,60.0,2-4 | 1-0 | 2-0 | 3-1 | 0-0 | 2-1 | 2-0 | 0-6 | 1-0 | 4-0,2-1 | 3-0 | 1-2 | 0-1 | 2-0 | 3-2 | 2-3 | 3-0 | 0-0 | 2-1
1742537,2026-10-10,Beltinci,ND Bilje,,,12,4,1,7,33.3,8.3,58.3,33.3,8.3,58.3,3.5,66.7,2-4 | 3-0 | 5-1 | 0-0 | 3-2 | 3-1 | 4-0 | 3-1 | 2-0 | 0-4,2-0 | 3-1 | 0-2 | 2-3 | 4-0 | 4-1 | 1-4 | 1-3 | 2-1 | 0-2
1742300,2026-10-10,Spaeri,Torpedo Kutaisi,,,3,1,2,0,33.3,66.7,0.0,33.3,66.7,0.0,1.67,66.7,1-4 | 1-0 | 1-1 | 2-2 | 3-0 | 3-4 | 1-1 | 1-2 | 3-1 | 1-5,3-2 | 3-2 | 1-1 | 1-1 | 0-2 | 2-4 | 2-2 | 4-3 | 1-0 | 4-1
1743541,2026-10-10,Rosengard,Atvidabergs FF,,,1,0,1,0,0.0,100.0,0.0,0.0,100.0,0.0,6.0,100.0,3-0 | 2-1 | 1-1 | 3-4 | 2-0 | 4-2 | 3-2 | 0-0 | 1-1 | 0-0,1-1 | 1-2 | 1-0 | 1-0 | 3-2 | 2-2 | 5-2 | 4-1 | 2-1 | 1-2
1743539,2026-10-10,Trelleborgs FF,Kristianstad FC,,,1,0,1,0,0.0,100.0,0.0,0.0,100.0,0.0,0.0,0.0,0-2 | 4-1 | 0-1 | 3-4 | 2-1 | 2-1 | 2-1 | 2-1 | 1-3 | 1-2,0-1 | 0-1 | 2-3 | 0-1 | 0-0 | 2-1 | 5-2 | 3-1 | 1-2 | 1-0
1743542,2026-10-10,Lunds BK,FC Trollhattan,,,23,8,10,5,34.8,43.5,21.7,34.8,43.5,21.7,2.83,69.6,0-1 | 0-1 | 1-0 | 2-0 | 2-0 | 1-1 | 7-1 | 2-5 | 0-3 | 1-1,1-0 | 1-1 | 4-2 | 0-1 | 1-3 | 5-0 | 4-2 | 3-2 | 2-1 | 0-1
1742980,2026-10-10,Panserraikos,Nestos Chrisoupolis,,,6,4,0,2,66.7,0.0,33.3,66.7,0.0,33.3,3.33,33.3,1-1 | 4-1 | 2-1 | 8-1 | 1-0 | 1-0 | 0-1 | 2-1 | 2-2 | 6-0,1-2 | 2-0 | 2-1 | 1-0 | 3-0 | 1-1 | 0-2 | 1-0 | 1-1 | 2-2
1742824,2026-10-10,Montrose,Ross County,,,17,0,0,17,0.0,0.0,100.0,0.0,0.0,100.0,4.88,70.6,1-0 | 2-1 | 3-2 | 1-2 | 2-1 | 3-2 | 3-2 | 0-3 | 2-1 | 3-0,4-1 | 14-0 | 1-5 | 0-2 | 8-0 | 0-3 | 3-4 | 2-2 | 4-0 | 4-0
1742821,2026-10-10,Alloa Athletic,Hamilton Academical,,,33,11,8,14,33.3,24.2,42.4,33.3,24.2,42.4,2.42,45.5,4-1 | 2-2 | 4-1 | 1-2 | 1-0 | 1-1 | 1-1 | 1-1 | 3-0 | 0-2,2-1 | 3-0 | 1-0 | 4-1 | 0-4 | 0-1 | 1-0 | 0-1 | 0-0 | 4-0
1742822,2026-10-10,Cove Rangers,East Fife,,,11,4,2,5,36.4,18.2,45.5,36.4,18.2,45.5,3.27,54.5,4-3 | 2-1 | 0-5 | 0-2 | 2-1 | 6-1 | 1-1 | 1-0 | 2-0 | 3-0,0-3 | 0-2 | 1-2 | 4-1 | 1-1 | 1-4 | 2-2 | 0-0 | 2-5 | 0-0
1742823,2026-10-10,East Kilbride,Airdrieonians,,,3,1,1,1,33.3,33.3,33.3,33.3,33.3,33.3,7.0,66.7,0-3 | 4-3 | 3-3 | 1-2 | 3-1 | 3-1 | 0-1 | 4-0 | 1-3 | 3-0,1-0 | 7-1 | 1-6 | 1-2 | 1-0 | 1-0 | 2-1 | 0-0 | 1-3 | 1-3
1742825,2026-10-10,Peterhead,Queen Of The South,,,9,3,1,5,33.3,11.1,55.6,33.3,11.1,55.6,2.89,44.4,2-1 | 0-1 | 0-2 | 1-2 | 3-1 | 2-1 | 0-3 | 1-1 | 2-1 | 3-0,4-3 | 4-2 | 1-1 | 4-1 | 8-0 | 1-1 | 1-1 | 2-1 | 2-1 | 1-0
1742447,2026-10-10,Flint Town United,Colwyn Bay,,,5,3,0,2,60.0,0.0,40.0,60.0,0.0,40.0,2.6,60.0,0-1 | 3-0 | 4-1 | 5-0 | 1-1 | 3-0 | 1-2 | 1-0 | 0-1 | 1-0,1-0 | 1-0 | 5-2 | 0-5 | 2-1 | 1-0 | 2-0 | 5-1 | 1-0 | 3-0
1748756,2026-10-10,FC Goa,Chennaiyin FC,,,29,17,4,8,58.6,13.8,27.6,58.6,13.8,27.6,3.59,58.6,3-0 | 2-1 | 1-1 | 2-0 | 0-2 | 2-0 | 3-1 | 0-2 | 1-1 | 1-1,1-2 | 4-1 | 1-0 | 4-1 | 0-0 | 1-0 | 1-3 | 1-2 | 1-1 | 0-1
1742761,2026-10-10,Mjondalen,Pors Grenland,,,3,2,0,1,66.7,0.0,33.3,66.7,0.0,33.3,2.67,33.3,4-0 | 1-3 | 3-1 | 2-3 | 0-3 | 1-0 | 4-0 | 2-1 | 0-1 | 0-1,4-1 | 3-2 | 2-0 | 2-1 | 2-0 | 2-3 | 1-0 | 0-3 | 1-1 | 2-1
1742762,2026-10-10,Sotra,Kvik Halden,,,7,2,1,4,28.6,14.3,57.1,28.6,14.3,57.1,2.43,28.6,3-2 | 3-2 | 3-1 | 1-1 | 3-0 | 3-0 | 1-3 | 2-1 | 1-3 | 3-0,2-3 | 0-4 | 0-2 | 2-0 | 1-0 | 0-0 | 7-0 | 0-1 | 0-1 | 4-5
1742763,2026-10-10,Jerv,FK Arendal,,,14,6,4,4,42.9,28.6,28.6,42.9,28.6,28.6,3.36,71.4,3-3 | 1-0 | 0-2 | 1-2 | 3-1 | 0-3 | 1-0 | 2-2 | 4-0 | 3-2,1-0 | 2-3 | 4-1 | 1-2 | 2-0 | 4-0 | 2-1 | 1-3 | 2-1 | 3-0
1742507,2026-10-10,Stjarnan,KA Akureyri,,,22,8,6,8,36.4,27.3,36.4,36.4,27.3,36.4,3.09,68.2,5-2 | 2-0 | 2-2 | 0-2 | 4-2 | 3-1 | 1-0 | 2-3 | 2-1 | 5-1,3-0 | 3-0 | 2-1 | 2-2 | 3-5 | 4-4 | 0-1 | 3-0 | 0-0 | 2-2
1742509,2026-10-10,Valur Reykjavik,FH Hafnarfjordur,,,53,17,13,23,32.1,24.5,43.4,32.1,24.5,43.4,3.13,62.3,1-1 | 4-1 | 1-2 | 2-2 | 4-4 | 5-0 | 1-3 | 0-2 | 2-3 | 2-2,5-2 | 3-0 | 1-0 | 2-1 | 1-1 | 2-4 | 0-1 | 1-1 | 0-0 | 0-0
1742508,2026-10-10,Thor Akureyri,IBV Vestmannaeyjar,,,15,4,4,7,26.7,26.7,46.7,26.7,26.7,46.7,2.73,66.7,3-0 | 3-4 | 4-1 | 1-0 | 0-1 | 4-2 | 0-2 | 2-0 | 1-0 | 0-0,1-1 | 2-0 | 2-2 | 0-1 | 1-0 | 1-3 | 2-2 | 1-2 | 1-0 | 2-2
1746569,2026-10-10,Al-Tadhamon,Al-Qadsia,,,23,1,0,22,4.3,0.0,95.7,4.3,0.0,95.7,3.96,47.8,4-1 | 0-2 | 3-1 | 1-3 | 1-1 | 0-1 | 1-0 | 0-2 | 0-1 | 1-1,3-0 | 0-1 | 1-2 | 0-0 | 0-2 | 1-2 | 2-0 | 3-2 | 0-0 | 3-0
1746570,2026-10-10,Al-Salmiyah,Al-Shabab Al Ahmadi,,,20,15,3,2,75.0,15.0,10.0,75.0,15.0,10.0,2.9,50.0,1-0 | 0-2 | 1-2 | 3-0 | 1-0 | 2-1 | 3-3 | 3-2 | 0-0 | 0-2,2-3 | 1-1 | 3-2 | 1-3 | 1-2 | 0-3 | 1-0 | 0-2 | 3-0 | 0-2
1743362,2026-10-10,Syrianska FC,FOC Farsta,,,5,3,0,2,60.0,0.0,40.0,60.0,0.0,40.0,3.2,80.0,5-2 | 1-0 | 3-1 | 0-2 | 0-0 | 3-1 | 2-2 | 5-0 | 2-1 | 4-1,2-1 | 0-0 | 0-3 | 3-0 | 1-2 | 4-1 | 0-2 | 3-0 | 2-2 | 1-1
1743359,2026-10-10,IFK Haninge,Nacka Iliria,,,4,3,1,0,75.0,25.0,0.0,75.0,25.0,0.0,3.75,100.0,2-2 | 2-1 | 4-5 | 0-2 | 1-7 | 2-1 | 6-1 | 2-2 | 3-0 | 2-2,2-4 | 5-4 | 2-4 | 1-2 | 0-1 | 0-2 | 2-1 | 2-2 | 4-3 | 2-0
1742676,2026-10-10,Borac Cacak,Jedinstvo Ub,,,1,1,0,0,100.0,0.0,0.0,100.0,0.0,0.0,1.0,0.0,3-1 | 2-2 | 1-2 | 1-2 | 0-1 | 2-1 | 1-2 | 0-2 | 2-1 | 2-3,0-0 | 3-0 | 2-3 | 1-0 | 2-1 | 2-1 | 1-1 | 1-3 | 3-0 | 2-3
1750887,2026-10-10,Yaracuyanos FC,Barquisimeto,,,4,2,1,1,50.0,25.0,25.0,50.0,25.0,25.0,2.0,25.0,1-0 | 1-4 | 3-0 | 0-3 | 0-1 | 1-0 | 2-5 | 1-0 | 4-3 | 0-0,1-4 | 2-4 | 1-2 | 3-0 | 0-2 | 1-1 | 0-5 | 5-1 | 2-1 | 0-0
1742353,2026-10-10,FK Tukums 2000,Riga FC,,,23,1,2,20,4.3,8.7,87.0,4.3,8.7,87.0,3.83,39.1,1-1 | 1-0 | 2-1 | 1-4 | 3-0 | 2-0 | 2-1 | 0-1 | 3-1 | 1-2,1-2 | 0-1 | 0-1 | 2-2 | 1-1 | 2-3 | 3-2 | 2-1 | 3-3 | 0-0
1742354,2026-10-10,SK Super Nova,Grobina,,,7,3,4,0,42.9,57.1,0.0,42.9,57.1,0.0,1.29,28.6,1-0 | 0-1 | 1-0 | 0-1 | 1-1 | 0-0 | 0-1 | 1-2 | 2-0 | 1-2,1-1 | 0-0 | 1-0 | 1-0 | 3-1 | 3-2 | 6-1 | 4-0 | 2-2 | 2-0
1742779,2026-10-10,MSK Povazska Bystrica,FC Tatran Presov,,,6,1,1,4,16.7,16.7,66.7,16.7,16.7,66.7,2.33,50.0,2-3 | 4-1 | 4-2 | 2-1 | 2-1 | 2-3 | 1-1 | 1-4 | 0-2 | 1-2,3-2 | 2-2 | 0-1 | 0-1 | 0-1 | 0-8 | 3-1 | 2-1 | 0-3 | 4-2
1742611,2026-10-10,FS Metta/Lu,Riga Mariners,,,1,0,1,0,0.0,100.0,0.0,0.0,100.0,0.0,4.0,100.0,1-3 | 7-0 | 2-2 | 0-6 | 0-2 | 4-1 | 12-1 | 2-2 | 9-0 | 0-4,2-4 | 4-1 | 5-0 | 3-1 | 1-3 | 4-2 | 0-3 | 1-1 | 2-1 | 3-3
1742244,2026-10-10,Elbasani,FK Vora,,,4,2,0,2,50.0,0.0,50.0,50.0,0.0,50.0,3.25,75.0,2-2 | 2-1 | 2-1 | 1-1 | 1-1 | 1-3 | 0-0 | 1-1 | 3-0 | 1-2,1-1 | 2-0 | 4-0 | 1-3 | 0-1 | 5-2 | 2-2 | 4-2 | 0-2 | 0-0
1742359,2026-10-10,Birkirkara,Valletta FC,,,36,9,14,13,25.0,38.9,36.1,25.0,38.9,36.1,2.22,44.4,2-0 | 1-1 | 1-2 | 0-1 | 1-0 | 4-0 | 1-1 | 0-0 | 0-0 | 1-0,0-3 | 2-2 | 0-2 | 0-2 | 1-2 | 0-3 | 4-2 | 0-4 | 3-1 | 2-1
1750638,2026-10-10,Marsaxlokk,Zabbar St Patrick,,,5,4,1,0,80.0,20.0,0.0,80.0,20.0,0.0,3.2,80.0,1-4 | 5-2 | 1-1 | 1-2 | 1-0 | 1-1 | 1-0 | 0-3 | 1-1 | 3-2,2-0 | 0-0 | 2-1 | 1-1 | 1-0 | 4-2 | 3-0 | 1-1 | 3-3 | 1-0
1742401,2026-10-10,Al Hazem,Neom Sc,,,3,1,1,1,33.3,33.3,33.3,33.3,33.3,33.3,2.67,100.0,3-1 | 1-0 | 0-0 | 1-1 | 3-2 | 0-1 | 2-3 | 1-2 | 2-0 | 2-0,4-2 | 0-2 | 3-0 | 1-0 | 0-2 | 0-2 | 1-3 | 2-1 | 1-1 | 2-0
1742444,2026-10-10,Hoang Anh Gia Lai,Da Nang,,,2,1,1,0,50.0,50.0,0.0,50.0,50.0,0.0,3.5,50.0,2-3 | 1-3 | 4-0 | 3-1 | 3-1 | 1-1 | 0-2 | 1-2 | 0-1 | 0-0,3-0 | 3-2 | 4-0 | 0-0 | 2-0 | 2-2 | 2-0 | 2-1 | 3-3 | 1-2
1742445,2026-10-10,Hai Phong,Thanh Hoa,,,28,13,8,7,46.4,28.6,25.0,46.4,28.6,25.0,2.39,39.3,0-1 | 1-3 | 1-4 | 1-1 | 3-1 | 2-0 | 4-2 | 2-1 | 0-2 | 0-0,0-2 | 2-1 | 3-2 | 4-0 | 0-2 | 1-1 | 2-0 | 1-0 | 1-1 | 1-0
1742446,2026-10-10,Nam Dinh,The Vissai Ninh Binh,,,2,1,0,1,50.0,0.0,50.0,50.0,0.0,50.0,3.5,50.0,3-0 | 4-0 | 2-4 | 1-1 | 3-0 | 2-1 | 0-2 | 0-2 | 3-2 | 2-1,2-1 | 1-4 | 4-1 | 3-0 | 0-2 | 1-1 | 1-2 | 2-1 | 1-1 | 2-3
1742474,2026-10-10,Fram Reykjavik,KR Reykjavik,,,42,8,4,30,19.0,9.5,71.4,19.0,9.5,71.4,3.43,59.5,2-2 | 1-3 | 2-2 | 2-2 | 3-4 | 3-1 | 2-5 | 1-2 | 0-0 | 2-3,1-2 | 5-1 | 3-1 | 1-1 | 3-5 | 3-3 | 2-5 | 1-1 | 5-0 | 5-2
1742497,2026-10-10,Vukovar 91,Hrvace,,,10,4,2,4,40.0,20.0,40.0,40.0,20.0,40.0,3.5,60.0,0-4 | 1-0 | 2-3 | 2-3 | 1-0 | 1-1 | 2-6 | 2-0 | 4-1 | 1-1,3-0 | 1-2 | 0-0 | 3-1 | 1-0 | 1-4 | 3-0 | 1-2 | 3-0 | 1-0
1742624,2026-10-10,Dinamo Kirov,Alania Vladikavkaz,,,5,1,1,3,20.0,20.0,60.0,20.0,20.0,60.0,2.6,60.0,1-1 | 1-2 | 3-1 | 0-1 | 1-0 | 3-2 | 0-1 | 1-2 | 2-0 | 0-0,2-0 | 4-4 | 0-2 | 0-0 | 0-0 | 1-1 | 0-0 | 2-0 | 2-1 | 1-1
1742627,2026-10-10,Kaluga,Mashuk-KMV,,,5,2,2,1,40.0,40.0,20.0,40.0,40.0,20.0,2.2,60.0,3-0 | 1-2 | 3-0 | 1-1 | 1-0 | 1-1 | 1-1 | 0-1 | 1-1 | 0-0,1-1 | 0-0 | 0-0 | 3-1 | 3-1 | 1-0 | 0-0 | 1-1 | 0-0 | 1-1
1742628,2026-10-10,Deportivo Fabril,Racing De Ferrol,,,2,0,2,0,0.0,100.0,0.0,0.0,100.0,0.0,2.0,100.0,2-1 | 2-0 | 2-2 | 2-1 | 1-1 | 1-0 | 2-2 | 0-4 | 0-1 | 0-1,2-0 | 1-0 | 1-0 | 3-2 | 1-0 | 1-1 | 0-0 | 1-0 | 1-1 | 3-2
1742630,2026-10-10,Cacereno,Unionistas de Salamanca,,,3,0,2,1,0.0,66.7,33.3,0.0,66.7,33.3,3.67,66.7,2-0 | 0-0 | 3-0 | 2-1 | 1-0 | 2-0 | 1-1 | 1-0 | 1-0 | 3-0,2-0 | 1-0 | 3-1 | 3-1 | 2-4 | 1-3 | 1-0 | 1-0 | 0-1 | 0-2
1742631,2026-10-10,Ourense,Barakaldo,,,4,0,2,2,0.0,50.0,50.0,0.0,50.0,50.0,2.75,75.0,0-0 | 1-1 | 0-0 | 0-1 | 0-2 | 3-1 | 0-2 | 0-3 | 2-1 | 2-0,1-1 | 3-3 | 1-0 | 1-0 | 4-1 | 0-0 | 0-2 | 2-0 | 2-0 | 1-1
1742648,2026-10-10,Fortuna Koln,FC Saarbrucken,,,3,1,1,1,33.3,33.3,33.3,33.3,33.3,33.3,2.0,66.7,1-3 | 0-2 | 2-2 | 0-0 | 1-2 | 1-1 | 1-0 | 3-0 | 0-2 | 1-3,2-1 | 2-1 | 3-3 | 0-1 | 1-6 | 2-4 | 1-1 | 0-1 | 5-2 | 1-1
1742649,2026-10-10,Jahn Regensburg,TSV Havelse,,,2,2,0,0,100.0,0.0,0.0,100.0,0.0,0.0,5.0,100.0,0-6 | 3-3 | 1-2 | 2-2 | 2-2 | 2-3 | 1-2 | 5-1 | 2-1 | 1-0,4-1 | 1-3 | 2-1 | 2-2 | 2-1 | 3-2 | 1-0 | 2-3 | 2-1 | 6-1
1742650,2026-10-10,SV Meppen,VfB Stuttgart II,,,10,4,0,6,40.0,0.0,60.0,40.0,0.0,60.0,3.2,50.0,1-0 | 2-1 | 1-3 | 4-2 | 2-1 | 1-6 | 1-0 | 0-3 | 2-0 | 2-0,3-3 | 3-2 | 1-2 | 1-2 | 1-0 | 1-3 | 2-3 | 4-0 | 3-4 | 5-3
1742651,2026-10-10,SG Sonnenhof Grossaspach,Waldhof Mannheim,,,8,4,2,2,50.0,25.0,25.0,50.0,25.0,25.0,3.0,62.5,2-1 | 1-1 | 2-2 | 1-0 | 0-2 | 2-2 | 2-0 | 1-0 | 2-7 | 2-2,2-0 | 1-2 | 0-1 | 0-1 | 3-2 | 0-1 | 3-3 | 2-1 | 0-1 | 4-1
1742652,2026-10-10,FC Wurzburger Kickers,Hansa Rostock,,,8,3,1,4,37.5,12.5,50.0,37.5,12.5,50.0,2.62,37.5,3-1 | 2-1 | 1-0 | 6-2 | 1-2 | 3-0 | 1-2 | 4-0 | 2-2 | 3-1,3-2 | 3-2 | 1-1 | 3-2 | 4-0 | 1-1 | 3-5 | 2-4 | 4-4 | 0-4
1742653,2026-10-10,MSV Duisburg,1899 Hoffenheim II,,,2,1,0,1,50.0,0.0,50.0,50.0,0.0,50.0,4.5,100.0,1-4 | 2-1 | 2-1 | 1-2 | 3-0 | 1-3 | 2-4 | 3-0 | 0-0 | 1-1,1-0 | 1-2 | 2-2 | 1-0 | 5-1 | 0-2 | 2-3 | 2-0 | 2-0 | 3-2
1742708,2026-10-10,Oldham,Accrington St,,,10,4,1,5,40.0,10.0,50.0,40.0,10.0,50.0,4.2,70.0,1-4 | 1-0 | 2-0 | 1-2 | 2-0 | 1-1 | 3-0 | 2-1 | 2-0 | 2-0,1-1 | 2-0 | 1-1 | 3-3 | 0-0 | 2-1 | 3-2 | 2-2 | 3-2 | 2-0
1742709,2026-10-10,Swindon Town,Crewe,,,27,12,5,10,44.4,18.5,37.0,44.4,18.5,37.0,3.11,55.6,1-0 | 1-1 | 0-2 | 1-0 | 1-2 | 4-0 | 3-1 | 3-1 | 3-0 | 2-1,2-2 | 3-1 | 1-1 | 4-1 | 1-1 | 1-1 | 1-1 | 2-2 | 0-0 | 3-2
1742710,2026-10-10,Bristol Rovers,Barnet,,,20,8,4,8,40.0,20.0,40.0,40.0,20.0,40.0,2.6,55.0,4-1 | 3-1 | 1-0 | 3-0 | 2-0 | 1-0 | 2-0 | 0-2 | 2-2 | 5-3,3-1 | 2-1 | 3-3 | 1-1 | 2-2 | 1-3 | 5-1 | 3-1 | 2-1 | 1-1
1742711,2026-10-10,Cheltenham,Salford City,,,9,5,2,2,55.6,22.2,22.2,55.6,22.2,22.2,2.56,55.6,2-0 | 2-1 | 2-2 | 1-1 | 1-3 | 2-2 | 3-2 | 2-2 | 2-1 | 2-1,1-1 | 1-0 | 1-4 | 1-2 | 1-0 | 3-3 | 1-0 | 2-1 | 1-0 | 0-1
1742712,2026-10-10,Crawley Town,Chesterfield,,,6,1,3,2,16.7,50.0,33.3,16.7,50.0,33.3,2.67,66.7,4-0 | 4-1 | 2-0 | 1-3 | 3-2 | 1-1 | 0-2 | 1-2 | 0-1 | 1-0,4-2 | 2-1 | 1-1 | 2-0 | 5-3 | 1-2 | 3-3 | 1-1 | 2-1 | 0-1
1742713,2026-10-10,Fleetwood Town,Walsall,,,17,6,3,8,35.3,17.6,47.1,35.3,17.6,47.1,2.35,35.3,1-1 | 4-1 | 1-0 | 3-1 | 0-1 | 1-2 | 1-0 | 3-1 | 2-1 | 1-0,1-1 | 1-6 | 2-0 | 0-0 | 0-0 | 2-2 | 3-2 | 0-0 | 0-0 | 0-3
1742714,2026-10-10,Newport County,Colchester,,,20,6,5,9,30.0,25.0,45.0,30.0,25.0,45.0,2.25,50.0,2-2 | 0-0 | 2-1 | 0-2 | 0-0 | 1-1 | 1-0 | 2-1 | 2-2 | 5-3,1-1 | 2-2 | 3-1 | 1-1 | 1-1 | 3-1 | 2-0 | 1-0 | 2-1 | 2-2
1742715,2026-10-10,Port Vale,Grimsby,,,27,8,6,13,29.6,22.2,48.1,29.6,22.2,48.1,2.74,51.9,2-0 | 1-1 | 2-0 | 1-0 | 1-0 | 3-1 | 0-0 | 1-1 | 2-0 | 3-0,0-0 | 1-2 | 2-1 | 2-1 | 2-0 | 2-0 | 2-2 | 2-2 | 2-2 | 0-0
1742716,2026-10-10,Rotherham,Gillingham,,,29,11,5,13,37.9,17.2,44.8,37.9,17.2,44.8,3.03,58.6,0-4 | 1-0 | 1-1 | 0-1 | 3-3 | 1-0 | 2-2 | 2-1 | 1-1 | 2-1,0-0 | 3-0 | 1-4 | 3-0 | 2-0 | 1-4 | 1-1 | 1-1 | 0-0 | 0-3
1742717,2026-10-10,Shrewsbury,Exeter,,,25,8,9,8,32.0,36.0,32.0,32.0,36.0,32.0,2.56,52.0,0-2 | 1-2 | 2-2 | 1-0 | 1-1 | 2-0 | 2-0 | 3-0 | 1-0 | 4-0,2-2 | 1-0 | 1-0 | 2-2 | 0-0 | 1-0 | 2-0 | 0-0 | 1-1 | 2-1
1742718,2026-10-10,Tranmere,Rochdale,,,10,3,4,3,30.0,40.0,30.0,30.0,40.0,30.0,2.8,60.0,4-2 | 1-1 | 1-0 | 0-0 | 2-0 | 2-0 | 2-2 | 2-2 | 1-1 | 2-0,5-0 | 1-0 | 1-2 | 3-3 | 2-0 | 0-0 | 1-4 | 3-0 | 1-0 | 1-2
1742719,2026-10-10,York,Northampton,,,16,4,6,6,25.0,37.5,37.5,25.0,37.5,37.5,2.06,43.8,3-0 | 1-1 | 2-0 | 1-3 | 4-0 | 1-1 | 3-2 | 2-1 | 1-1 | 3-2,2-1 | 0-1 | 2-0 | 1-0 | 1-1 | 1-1 | 1-0 | 0-3 | 0-0 | 1-0
1742764,2026-10-10,Leca,Ad Marco 09,,,10,4,3,3,40.0,30.0,30.0,40.0,30.0,30.0,2.3,50.0,0-2 | 1-4 | 0-3 | 1-2 | 2-0 | 1-1 | 0-0 | 1-1 | 1-0 | 2-1,1-0 | 1-0 | 0-0 | 0-1 | 2-0 | 2-1 | 2-1 | 2-2 | 1-0 | 1-0
1742765,2026-10-10,Vianense,Paredes,,,10,5,2,3,50.0,20.0,30.0,50.0,20.0,30.0,3.3,40.0,1-3 | 1-2 | 2-2 | 8-0 | 2-0 | 2-0 | 0-0 | 2-0 | 1-0 | 3-4,5-1 | 2-1 | 0-1 | 1-3 | 1-2 | 0-1 | 3-1 | 2-2 | 1-0 | 0-0
1742801,2026-10-10,Eimsbutteler TV,Hannover 96 II,,,2,0,1,1,0.0,50.0,50.0,0.0,50.0,50.0,3.5,50.0,0-0 | 2-1 | 1-1 | 2-4 | 1-3 | 7-1 | 7-3 | 3-1 | 0-2 | 2-3,0-2 | 3-2 | 3-1 | 2-2 | 4-3 | 3-2 | 1-1 | 2-2 | 0-1 | 1-2
1742802,2026-10-10,Schoeningen,Hamburger SV II,,,2,1,1,0,50.0,50.0,0.0,50.0,50.0,0.0,3.5,100.0,2-0 | 3-3 | 5-0 | 2-1 | 0-1 | 1-0 | 2-2 | 3-2 | 2-0 | 1-2,0-3 | 0-4 | 0-3 | 4-0 | 1-3 | 0-2 | 1-3 | 0-2 | 1-4 | 2-2
1742815,2026-10-10,Avia Swidnik,Swit Skolwin,,,10,3,2,5,30.0,20.0,50.0,30.0,20.0,50.0,2.9,50.0,1-1 | 2-2 | 0-1 | 1-0 | 3-1 | 1-3 | 1-4 | 4-0 | 3-0 | 0-1,2-1 | 3-0 | 1-5 | 1-4 | 1-1 | 1-1 | 0-1 | 5-0 | 5-3 | 3-0
1742817,2026-10-10,Stal Stalowa Wola,Slask Wroclaw II,,,3,0,0,3,0.0,0.0,100.0,0.0,0.0,100.0,3.67,66.7,4-2 | 2-0 | 5-0 | 3-3 | 2-1 | 2-0 | 4-0 | 3-1 | 3-2 | 1-2,2-0 | 4-2 | 0-1 | 2-3 | 3-0 | 1-2 | 2-0 | 3-2 | 1-5 | 3-1
1742820,2026-10-10,Sporting Covilha,Oliveirense,,,27,11,7,9,40.7,25.9,33.3,40.7,25.9,33.3,2.67,66.7,2-2 | 1-0 | 0-0 | 0-3 | 0-0 | 2-0 | 1-1 | 1-1 | 1-0 | 2-1,1-2 | 2-1 | 3-1 | 4-0 | 3-2 | 1-1 | 0-0 | 1-5 | 1-2 | 0-0
1742847,2026-10-10,Altrincham,Aldershot Town,,,22,8,4,10,36.4,18.2,45.5,36.4,18.2,45.5,2.64,59.1,3-1 | 0-1 | 3-0 | 1-2 | 2-1 | 5-1 | 2-1 | 1-2 | 2-1 | 1-0,1-3 | 2-1 | 5-1 | 1-0 | 1-1 | 1-2 | 0-3 | 1-0 | 1-1 | 3-1
1742848,2026-10-10,Carlisle,Kidderminster,,,11,7,2,2,63.6,18.2,18.2,63.6,18.2,18.2,2.27,45.5,1-3 | 0-2 | 2-5 | 1-0 | 1-1 | 2-2 | 2-1 | 4-2 | 1-1 | 4-1,1-1 | 3-1 | 0-1 | 0-0 | 1-0 | 2-0 | 1-4 | 1-1 | 1-3 | 1-1
1742849,2026-10-10,AFC Fylde,Scunthorpe,,,10,5,1,4,50.0,10.0,40.0,50.0,10.0,40.0,3.3,70.0,3-1 | 0-2 | 0-1 | 1-2 | 1-2 | 1-4 | 2-2 | 1-3 | 2-0 | 3-2,3-0 | 4-1 | 1-0 | 1-2 | 0-2 | 2-1 | 0-2 | 4-2 | 3-1 | 3-2
1742850,2026-10-10,Boston Utd,Southend,,,10,4,2,4,40.0,20.0,40.0,40.0,20.0,40.0,2.9,40.0,6-0 | 1-1 | 0-1 | 1-3 | 1-1 | 1-3 | 0-1 | 2-2 | 2-3 | 2-1,3-1 | 1-1 | 2-4 | 1-6 | 3-1 | 2-2 | 3-2 | 1-1 | 1-3 | 1-3
1742851,2026-10-10,FC Halifax Town,Gateshead,,,21,8,12,1,38.1,57.1,4.8,38.1,57.1,4.8,2.67,61.9,0-2 | 1-1 | 2-1 | 1-1 | 0-1 | 3-0 | 3-0 | 1-0 | 1-0 | 2-1,1-2 | 0-1 | 4-0 | 1-6 | 1-0 | 4-0 | 1-3 | 1-1 | 2-1 | 0-1
1742852,2026-10-10,AFC Hornchurch,Eastleigh,,,2,1,0,1,50.0,0.0,50.0,50.0,0.0,50.0,1.0,0.0,1-1 | 3-0 | 2-1 | 3-0 | 1-0 | 1-0 | 3-0 | 3-0 | 0-1 | 2-3,1-3 | 1-1 | 4-1 | 1-0 | 2-1 | 1-1 | 2-1 | 1-1 | 0-1 | 3-2
1742853,2026-10-10,Tamworth,Barrow,,,12,2,4,6,16.7,33.3,50.0,16.7,33.3,50.0,2.67,50.0,1-0 | 0-1 | 2-0 | 5-1 | 2-1 | 3-1 | 3-1 | 1-3 | 2-2 | 3-2,2-1 | 3-0 | 2-4 | 1-0 | 1-0 | 2-2 | 3-0 | 1-1 | 1-2 | 2-2
1742854,2026-10-10,Wealdstone,Yeovil,,,10,3,4,3,30.0,40.0,30.0,30.0,40.0,30.0,1.9,30.0,2-1 | 1-1 | 4-0 | 2-1 | 0-1 | 1-3 | 6-0 | 1-4 | 0-2 | 1-1,6-0 | 1-1 | 0-1 | 4-1 | 1-1 | 1-4 | 3-2 | 3-2 | 1-2 | 3-0
1742855,2026-10-10,Woking,Harrogate Town,,,1,1,0,0,100.0,0.0,0.0,100.0,0.0,0.0,1.0,0.0,1-3 | 2-4 | 2-5 | 0-0 | 1-1 | 5-1 | 4-1 | 1-0 | 1-1 | 1-0,3-0 | 0-1 | 4-1 | 4-1 | 1-2 | 3-1 | 0-2 | 2-1 | 3-1 | 2-2
1742856,2026-10-10,Worthing,Solihull Moors,,,10,4,4,2,40.0,40.0,20.0,40.0,40.0,20.0,3.1,80.0,1-2 | 1-1 | 2-1 | 1-3 | 1-0 | 2-2 | 0-0 | 2-2 | 2-3 | 3-2,2-1 | 0-2 | 2-4 | 0-3 | 4-1 | 1-0 | 1-2 | 2-3 | 1-1 | 1-3
1742857,2026-10-10,Forest Green,Hartlepool,,,6,3,2,1,50.0,33.3,16.7,50.0,33.3,16.7,2.17,66.7,1-1 | 3-3 | 1-3 | 1-1 | 4-0 | 0-1 | 1-2 | 2-0 | 0-3 | 1-2,0-1 | 0-1 | 4-1 | 1-3 | 2-1 | 2-0 | 0-1 | 1-0 | 1-0 | 0-1
1742872,2026-10-10,Ull/Kisa,Follo,,,9,6,0,3,66.7,0.0,33.3,66.7,0.0,33.3,4.0,77.8,1-2 | 3-0 | 2-3 | 3-1 | 0-5 | 2-1 | 7-6 | 1-1 | 9-1 | 1-2,0-1 | 0-2 | 2-2 | 0-1 | 5-2 | 1-0 | 2-1 | 3-3 | 1-2 | 1-3
1742898,2026-10-10,Aliaga,Menemen Belediye,,,2,1,0,1,50.0,0.0,50.0,50.0,0.0,50.0,4.0,50.0,2-4 | 2-1 | 5-0 | 2-0 | 1-4 | 0-0 | 1-1 | 0-5 | 1-1 | 5-0,2-0 | 0-1 | 3-0 | 4-0 | 1-3 | 4-5 | 3-0 | 5-0 | 2-1 | 2-0
1742939,2026-10-10,Ahlafors IF,Stenungsunds IF,,,8,5,3,0,62.5,37.5,0.0,62.5,37.5,0.0,3.5,75.0,6-2 | 1-2 | 1-0 | 2-0 | 1-0 | 7-1 | 2-2 | 3-1 | 2-0 | 0-0,0-3 | 1-5 | 0-2 | 0-1 | 2-2 | 0-1 | 1-1 | 5-0 | 1-2 | 1-1
1742950,2026-10-10,WSC Hertha,SC Bregenz,,,1,0,1,0,0.0,100.0,0.0,0.0,100.0,0.0,2.0,100.0,1-3 | 4-1 | 0-1 | 1-3 | 1-1 | 1-2 | 2-3 | 0-2 | 1-2 | 2-1,3-1 | 2-1 | 4-0 | 2-0 | 3-1 | 0-0 | 3-2 | 5-0 | 0-5 | 1-1
1742988,2026-10-10,Pobeda Khasavyurt,Rubin Yalta,,,5,2,2,1,40.0,40.0,20.0,40.0,40.0,20.0,2.0,40.0,1-0 | 4-3 | 0-2 | 2-1 | 1-2 | 4-0 | 3-0 | 1-3 | 0-2 | 4-3,4-0 | 0-1 | 3-1 | 2-0 | 4-1 | 0-1 | 2-1 | 1-1 | 3-2 | 1-1
1742990,2026-10-10,FC Rostov II,Druzhba Maykop,,,5,2,0,3,40.0,0.0,60.0,40.0,0.0,60.0,1.6,20.0,2-1 | 0-1 | 0-0 | 1-2 | 0-5 | 1-0 | 0-2 | 0-0 | 4-0 | 2-1,4-0 | 3-0 | 2-1 | 0-1 | 1-1 | 1-0 | 4-1 | 1-1 | 1-1 | 1-2
1743024,2026-10-10,Kochi United,Nagano Parceiro,,,2,2,0,0,100.0,0.0,0.0,100.0,0.0,0.0,1.0,0.0,2-0 | 0-4 | 1-0 | 1-1 | 0-1 | 2-0 | 0-2 | 2-1 | 3-0 | 7-0,0-1 | 4-3 | 1-0 | 1-1 | 0-0 | 1-1 | 1-2 | 6-0 | 0-1 | 2-1
1743025,2026-10-10,Nara Club,Giravanz Kitakyushu,,,6,2,1,3,33.3,16.7,50.0,33.3,16.7,50.0,2.17,33.3,0-1 | 4-1 | 2-3 | 2-1 | 2-2 | 1-2 | 2-2 | 3-1 | 1-4 | 1-3,2-0 | 1-3 | 1-1 | 1-2 | 2-4 | 3-0 | 4-2 | 1-0 | 1-1 | 2-2
1743026,2026-10-10,ThespaKusatsu Gunma,FC Ryukyu,,,10,3,2,5,30.0,20.0,50.0,30.0,20.0,50.0,1.9,20.0,3-1 | 0-1 | 1-0 | 2-0 | 1-3 | 1-2 | 1-2 | 4-1 | 2-3 | 1-3,0-2 | 1-1 | 3-0 | 1-0 | 3-0 | 2-1 | 2-3 | 2-1 | 2-2 | 1-0
1743027,2026-10-10,Fukushima United,Reilac Shiga,,,10,3,1,6,30.0,10.0,60.0,30.0,10.0,60.0,4.6,80.0,3-2 | 0-7 | 4-3 | 4-1 | 1-2 | 4-3 | 1-3 | 2-2 | 1-0 | 2-1,0-0 | 4-1 | 3-0 | 1-2 | 0-1 | 0-3 | 0-1 | 2-0 | 2-3 | 2-1
1743031,2026-10-10,Asker,Baerum,,,26,15,3,8,57.7,11.5,30.8,57.7,11.5,30.8,3.96,69.2,4-3 | 1-0 | 1-2 | 7-2 | 1-4 | 2-6 | 7-0 | 2-5 | 5-4 | 3-0,1-2 | 1-5 | 2-0 | 1-2 | 5-2 | 1-0 | 1-1 | 4-0 | 1-7 | 5-1
1743032,2026-10-10,Gamle Oslo,Nordstrand,,,3,1,2,0,33.3,66.7,0.0,33.3,66.7,0.0,3.0,100.0,1-1 | 4-1 | 1-2 | 1-3 | 2-1 | 2-1 | 2-3 | 6-1 | 7-1 | 2-5,0-3 | 1-0 | 5-0 | 1-1 | 1-0 | 3-5 | 1-4 | 7-2 | 2-3 | 2-3
1743033,2026-10-10,Valerenga 2,Frigg,,,7,2,2,3,28.6,28.6,42.9,28.6,28.6,42.9,4.0,42.9,0-3 | 2-0 | 2-1 | 2-1 | 2-1 | 5-2 | 4-3 | 5-4 | 3-2 | 6-3,1-1 | 6-2 | 2-0 | 5-1 | 5-2 | 0-4 | 2-2 | 2-3 | 2-2 | 3-3
1743038,2026-10-10,Baltyk Koszalin,Unia Swarzedz,,,10,4,3,3,40.0,30.0,30.0,40.0,30.0,30.0,2.7,70.0,1-3 | 3-1 | 2-1 | 0-2 | 2-2 | 2-0 | 1-1 | 0-1 | 1-2 | 1-1,7-0 | 0-2 | 1-3 | 4-3 | 1-1 | 2-0 | 0-1 | 2-3 | 0-3 | 1-0
1743047,2026-10-10,Smolensk,Murom,,,3,1,1,1,33.3,33.3,33.3,33.3,33.3,33.3,3.67,66.7,2-1 | 3-1 | 0-1 | 2-3 | 1-1 | 4-0 | 0-3 | 1-0 | 1-1 | 2-1,2-0 | 0-3 | 4-0 | 1-0 | 2-1 | 3-0 | 1-1 | 1-2 | 3-1 | 1-2
1743048,2026-10-10,Eibar B,CD Basconia,,,2,0,1,1,0.0,50.0,50.0,0.0,50.0,50.0,3.0,100.0,1-5 | 1-0 | 0-2 | 1-0 | 2-1 | 3-2 | 1-1 | 1-2 | 1-1 | 3-2,1-1 | 1-2 | 2-2 | 3-2 | 2-1 | 0-1 | 5-1 | 0-0 | 2-2 | 4-0
1743049,2026-10-10,Atletico Astorga,Ourense,,,2,0,2,0,0.0,100.0,0.0,0.0,100.0,0.0,2.0,100.0,0-1 | 2-0 | 3-0 | 3-2 | 0-1 | 2-1 | 1-1 | 2-2 | 1-1 | 1-0,0-0 | 1-1 | 0-0 | 0-1 | 0-2 | 3-1 | 0-2 | 0-3 | 2-1 | 2-0
1743050,2026-10-10,Sestao River,RS Gimnastica,,,1,0,1,0,0.0,100.0,0.0,0.0,100.0,0.0,2.0,100.0,1-2 | 4-1 | 2-0 | 2-0 | 1-2 | 2-0 | 0-1 | 1-1 | 2-1 | 0-1,1-2 | 3-3 | 0-3 | 1-0 | 2-1 | 1-0 | 1-1 | 1-5 | 6-0 | 2-3
1743854,2026-10-10,UD Llanera,Marino De Luanco,,,4,1,0,3,25.0,0.0,75.0,25.0,0.0,75.0,3.0,50.0,1-1 | 2-1 | 4-0 | 1-2 | 2-1 | 2-2 | 1-0 | 1-2 | 4-0 | 3-0,1-2 | 1-2 | 3-0 | 0-2 | 0-3 | 6-1 | 0-3 | 1-0 | 1-2 | 1-0
1744612,2026-10-10,Amorebieta,Portugalete,,,4,2,1,1,50.0,25.0,25.0,50.0,25.0,25.0,3.0,75.0,0-1 | 0-1 | 0-2 | 1-0 | 2-2 | 2-0 | 1-2 | 0-2 | 1-1 | 3-3,0-2 | 3-2 | 2-1 | 0-0 | 0-1 | 1-0 | 2-1 | 1-1 | 2-0 | 0-2
1743089,2026-10-10,Byasen,Nardo,,,33,9,11,13,27.3,33.3,39.4,27.3,33.3,39.4,3.15,69.7,1-2 | 3-0 | 6-1 | 1-4 | 1-2 | 1-2 | 0-0 | 0-0 | 2-3 | 6-6,0-1 | 2-5 | 4-1 | 2-5 | 4-2 | 1-3 | 2-0 | 3-0 | 4-2 | 5-3
1743097,2026-10-10,Avangard Kursk,Volna Nizhny Novgorod,,,1,0,0,1,0.0,0.0,100.0,0.0,0.0,100.0,2.0,0.0,4-0 | 1-1 | 1-1 | 1-3 | 3-2 | 0-2 | 2-1 | 1-0 | 1-1 | 1-3,0-2 | 0-2 | 0-2 | 1-0 | 2-0 | 0-2 | 1-0 | 1-1 | 3-2 | 0-2
1743111,2026-10-10,SC Bruhl,FC Grand-Saconnex,,,4,1,1,2,25.0,25.0,50.0,25.0,25.0,50.0,4.25,100.0,3-3 | 3-0 | 0-2 | 2-1 | 1-1 | 3-0 | 4-1 | 0-0 | 0-1 | 0-6,0-1 | 1-2 | 3-0 | 1-0 | 0-1 | 2-5 | 2-1 | 1-4 | 1-2 | 6-0
1743115,2026-10-10,FC Zurich II,FC Breitenrain Bern,,,14,5,3,6,35.7,21.4,42.9,35.7,21.4,42.9,3.43,64.3,0-4 | 1-2 | 2-2 | 1-3 | 4-0 | 3-1 | 2-3 | 2-1 | 2-2 | 0-1,1-0 | 2-2 | 0-4 | 1-0 | 1-0 | 1-0 | 4-2 | 1-2 | 2-2 | 2-1
1743151,2026-10-10,Annan Athletic,Stranraer,,,34,12,11,11,35.3,32.4,32.4,35.3,32.4,32.4,3.21,64.7,0-1 | 2-1 | 1-1 | 1-0 | 2-0 | 4-0 | 2-1 | 2-0 | 2-2 | 1-0,0-0 | 4-3 | 3-2 | 1-5 | 3-1 | 0-3 | 3-4 | 2-0 | 3-0 | 2-2
1743152,2026-10-10,Clyde,Dumbarton,,,26,8,5,13,30.8,19.2,50.0,30.8,19.2,50.0,2.92,50.0,6-2 | 1-3 | 1-2 | 1-1 | 4-1 | 1-4 | 3-2 | 3-3 | 3-0 | 3-0,2-1 | 3-2 | 3-2 | 3-0 | 3-1 | 6-1 | 2-1 | 2-0 | 2-2 | 3-1
1743153,2026-10-10,Edinburgh City,Spartans,,,9,3,2,4,33.3,22.2,44.4,33.3,22.2,44.4,2.67,33.3,0-0 | 2-0 | 1-0 | 1-3 | 7-3 | 1-1 | 3-2 | 1-1 | 0-1 | 1-0,0-2 | 1-0 | 0-0 | 3-0 | 5-1 | 0-4 | 0-2 | 3-3 | 5-0 | 3-3
1743154,2026-10-10,Forfar Athletic,Elgin City,,,39,14,14,11,35.9,35.9,28.2,35.9,35.9,28.2,2.59,56.4,2-1 | 2-0 | 2-1 | 0-2 | 1-0 | 5-1 | 1-1 | 0-3 | 1-1 | 3-0,6-2 | 0-1 | 3-0 | 1-5 | 2-0 | 7-0 | 2-1 | 4-0 | 0-2 | 3-3
1743155,2026-10-10,Stirling Albion,Kelty Hearts,,,9,2,2,5,22.2,22.2,55.6,22.2,22.2,55.6,2.67,44.4,0-1 | 4-3 | 1-1 | 1-1 | 7-3 | 3-2 | 0-2 | 4-0 | 1-3 | 2-2,0-2 | 2-1 | 3-5 | 1-3 | 4-1 | 0-3 | 2-1 | 2-0 | 2-4 | 3-1
1743250,2026-10-10,Skedsmo,Floya,,,1,1,0,0,100.0,0.0,0.0,100.0,0.0,0.0,5.0,100.0,2-2 | 7-0 | 1-2 | 2-1 | 0-0 | 3-1 | 0-1 | 5-3 | 0-1 | 1-3,5-1 | 2-4 | 3-1 | 1-4 | 1-5 | 2-2 | 3-2 | 5-3 | 1-3 | 7-0
1743294,2026-10-10,Brabrand,Fremad Amager,,,13,1,5,7,7.7,38.5,53.8,7.7,38.5,53.8,2.46,69.2,0-2 | 1-1 | 3-1 | 2-1 | 1-1 | 2-1 | 1-1 | 1-5 | 2-4 | 0-1,0-3 | 1-2 | 1-1 | 2-1 | 1-1 | 2-2 | 1-1 | 0-2 | 3-0 | 1-0
1743295,2026-10-10,FA 2000,Naestved,,,4,2,1,1,50.0,25.0,25.0,50.0,25.0,25.0,2.5,75.0,1-0 | 1-2 | 5-1 | 3-1 | 2-2 | 0-0 | 0-1 | 2-4 | 2-1 | 0-1,1-1 | 2-2 | 1-1 | 3-1 | 1-1 | 1-2 | 0-2 | 1-1 | 0-1 | 1-1
1743296,2026-10-10,Roskilde,Skive,,,31,11,12,8,35.5,38.7,25.8,35.5,38.7,25.8,2.84,74.2,0-2 | 1-1 | 5-1 | 1-1 | 1-2 | 1-0 | 2-2 | 0-5 | 1-1 | 1-1,2-0 | 1-0 | 2-1 | 0-0 | 2-2 | 1-2 | 1-5 | 0-1 | 0-2 | 2-3
1743297,2026-10-10,HIK,Thisted FC,,,23,5,3,15,21.7,13.0,65.2,21.7,13.0,65.2,2.7,39.1,2-0 | 1-1 | 3-0 | 0-5 | 2-1 | 2-1 | 1-2 | 1-4 | 3-0 | 2-1,0-2 | 1-0 | 3-1 | 3-1 | 0-3 | 0-2 | 2-2 | 0-1 | 3-1 | 0-1
1743298,2026-10-10,B93 Copenhagen,Middelfart,,,11,7,1,3,63.6,9.1,27.3,63.6,9.1,27.3,3.45,54.5,0-3 | 1-0 | 2-1 | 2-2 | 1-1 | 1-1 | 3-0 | 4-0 | 1-2 | 2-0,1-0 | 2-2 | 1-1 | 0-0 | 5-5 | 1-1 | 1-2 | 0-1 | 2-3 | 1-1
1743335,2026-10-10,Soelvesborgs Goif,Lilla Torg FF,,,1,1,0,0,100.0,0.0,0.0,100.0,0.0,0.0,5.0,0.0,4-0 | 3-2 | 4-1 | 0-2 | 2-3 | 1-0 | 1-2 | 2-1 | 1-2 | 4-1,2-3 | 3-3 | 2-2 | 1-1 | 1-3 | 3-1 | 2-0 | 1-4 | 1-1 | 2-3
1743336,2026-10-10,Linero If,Vaexjoe Norra If,,,3,1,0,2,33.3,0.0,66.7,33.3,0.0,66.7,2.67,33.3,2-1 | 5-1 | 2-2 | 0-2 | 1-2 | 1-0 | 7-1 | 5-1 | 4-0 | 0-2,0-2 | 1-1 | 0-0 | 1-1 | 1-3 | 3-0 | 1-2 | 5-0 | 1-3 | 2-0
1743386,2026-10-10,Enskede IK,Skiljebo SK,,,6,3,1,2,50.0,16.7,33.3,50.0,16.7,33.3,2.83,50.0,2-0 | 1-3 | 1-3 | 1-0 | 0-1 | 2-0 | 1-3 | 1-1 | 2-0 | 2-1,1-2 | 1-0 | 0-4 | 2-1 | 1-2 | 2-2 | 1-3 | 4-2 | 1-2 | 3-0
1743454,2026-10-10,Landvetter IS,BK Astrio,,,9,3,0,6,33.3,0.0,66.7,33.3,0.0,66.7,3.67,66.7,0-1 | 3-1 | 1-1 | 1-2 | 3-4 | 2-1 | 1-0 | 2-0 | 2-2 | 1-0,1-1 | 3-6 | 0-2 | 5-1 | 1-2 | 4-2 | 0-1 | 2-0 | 0-6 | 3-1
1743455,2026-10-10,Onsala BK,Astorps FF,,,3,0,3,0,0.0,100.0,0.0,0.0,100.0,0.0,2.0,100.0,0-1 | 1-2 | 0-2 | 2-0 | 3-1 | 0-2 | 1-4 | 2-1 | 3-0 | 0-0,1-3 | 2-0 | 2-0 | 1-2 | 1-2 | 2-1 | 2-0 | 0-1 | 0-2 | 2-1
1743456,2026-10-10,Ik Kongahaella,Qviding FIF,,,1,0,0,1,0.0,0.0,100.0,0.0,0.0,100.0,4.0,100.0,2-0 | 3-2 | 1-3 | 5-1 | 3-4 | 1-3 | 2-0 | 4-0 | 4-1 | 0-0,0-1 | 1-2 | 1-2 | 1-2 | 1-0 | 5-0 | 4-1 | 2-1 | 1-1 | 3-1
1743527,2026-10-10,Karlbergs BK,Vasalunds IF,,,6,2,1,3,33.3,16.7,50.0,33.3,16.7,50.0,3.33,50.0,3-2 | 1-1 | 0-2 | 5-0 | 1-0 | 3-0 | 0-0 | 0-3 | 2-0 | 2-0,1-4 | 0-1 | 1-5 | 0-0 | 2-1 | 2-3 | 3-2 | 4-3 | 1-2 | 1-1
1743529,2026-10-10,Karlstad BK,FC Arlanda,,,3,2,0,1,66.7,0.0,33.3,66.7,0.0,33.3,4.0,33.3,1-1 | 1-1 | 2-2 | 0-0 | 2-1 | 1-2 | 2-2 | 2-1 | 0-2 | 0-2,1-4 | 2-0 | 4-2 | 0-2 | 1-0 | 1-2 | 2-3 | 5-1 | 1-2 | 4-1
1743574,2026-10-10,FC Deisenhofen,SpVgg Hankofen-Hailing,,,3,1,1,1,33.3,33.3,33.3,33.3,33.3,33.3,3.67,66.7,4-2 | 0-2 | 3-3 | 4-0 | 4-2 | 1-5 | 1-1 | 0-0 | 6-0 | 2-0,2-1 | 1-3 | 2-1 | 1-1 | 3-3 | 1-0 | 0-4 | 3-0 | 1-1 | 2-1
1743575,2026-10-10,FC Ismaning,SV Heimstetten,,,8,1,4,3,12.5,50.0,37.5,12.5,50.0,37.5,2.38,50.0,2-1 | 5-2 | 1-0 | 4-2 | 2-2 | 2-0 | 4-0 | 0-5 | 2-3 | 2-0,0-0 | 0-4 | 2-2 | 5-1 | 4-2 | 3-3 | 1-1 | 0-4 | 1-0 | 1-3
1743783,2026-10-10,USA (w),Spain (w),,,4,3,0,1,75.0,0.0,25.0,75.0,0.0,25.0,1.75,25.0,0-1 | 3-0 | 1-0 | 1-0 | 2-0 | 5-0 | 6-0 | 3-0 | 6-0 | 1-2,3-1 | 0-1 | 2-0 | 1-3 | 6-2 | 5-0 | 3-1 | 2-4 | 5-0 | 1-1
1743855,2026-10-10,Utebo,Arnedo,,,2,1,1,0,50.0,50.0,0.0,50.0,50.0,0.0,1.5,50.0,1-1 | 0-1 | 1-2 | 1-1 | 1-1 | 2-1 | 4-1 | 2-0 | 2-1 | 1-2,1-2 | 5-0 | 0-1 | 4-1 | 1-4 | 2-2 | 2-2 | 1-0 | 1-0 | 3-2
1743858,2026-10-10,Naxara CD,Pena Sport,,,2,2,0,0,100.0,0.0,0.0,100.0,0.0,0.0,3.5,50.0,0-0 | 1-0 | 1-2 | 5-0 | 2-2 | 5-0 | 3-2 | 1-0 | 2-1 | 2-0,4-0 | 4-0 | 2-1 | 2-0 | 1-1 | 1-1 | 1-2 | 2-1 | 1-1 | 4-2
1743859,2026-10-10,Salamanca CF UDS,San Sebastian De Los Reyes,,,10,7,0,3,70.0,0.0,30.0,70.0,0.0,30.0,3.2,50.0,2-0 | 1-2 | 3-0 | 1-0 | 3-5 | 1-0 | 3-2 | 2-3 | 1-0 | 2-1,3-0 | 2-0 | 0-0 | 1-0 | 1-3 | 1-1 | 2-1 | 0-3 | 3-1 | 2-1
1744178,2026-10-10,Fuerte San Francisco,CD Cacahuatique,,,9,1,3,5,11.1,33.3,55.6,11.1,33.3,55.6,1.44,22.2,1-1 | 0-3 | 0-0 | 2-2 | 2-1 | 0-2 | 0-1 | 4-1 | 1-0 | 1-0,0-1 | 0-2 | 0-2 | 1-1 | 0-0 | 0-2 | 0-2 | 2-2 | 1-2 | 1-2
1744470,2026-10-10,Busan Transportation,Yeoju Sejong,,,5,2,2,1,40.0,40.0,20.0,40.0,40.0,20.0,2.0,60.0,3-1 | 5-3 | 1-1 | 2-1 | 4-3 | 1-1 | 1-1 | 2-4 | 2-1 | 0-2,2-1 | 2-1 | 1-0 | 1-0 | 1-2 | 0-1 | 1-1 | 0-1 | 1-0 | 1-3
1744562,2026-10-10,Charleston Battery,Louisville City FC,,,14,4,4,6,28.6,28.6,42.9,28.6,28.6,42.9,3.29,85.7,2-0 | 1-0 | 2-2 | 1-2 | 0-2 | 5-0 | 3-1 | 0-1 | 5-0 | 2-1,0-1 | 2-2 | 2-1 | 1-2 | 1-1 | 0-0 | 2-1 | 2-3 | 1-1 | 5-4
1744563,2026-10-10,Detroit City FC,Rhode Island,,,5,2,2,1,40.0,40.0,20.0,40.0,40.0,20.0,1.4,20.0,1-0 | 1-3 | 0-0 | 1-0 | 1-0 | 1-1 | 0-0 | 1-0 | 0-0 | 0-1,1-3 | 1-0 | 2-0 | 1-2 | 0-3 | 1-1 | 1-0 | 3-1 | 2-0 | 2-0
1744564,2026-10-10,Indy Eleven,Tampa Bay Rowdies,,,22,3,10,9,13.6,45.5,40.9,13.6,45.5,40.9,2.45,59.1,1-1 | 1-0 | 0-2 | 0-1 | 4-0 | 2-2 | 2-2 | 2-1 | 2-1 | 0-1,1-2 | 0-0 | 4-0 | 3-1 | 2-0 | 0-0 | 1-0 | 2-0 | 0-0 | 0-3
1744566,2026-10-10,Pittsburgh Riverhounds,Hartford Athletic,,,18,13,3,2,72.2,16.7,11.1,72.2,16.7,11.1,3.06,55.6,1-0 | 1-0 | 1-0 | 2-2 | 0-0 | 2-1 | 0-1 | 3-1 | 0-0 | 0-1,0-1 | 2-2 | 1-1 | 2-0 | 3-1 | 2-1 | 1-1 | 1-2 | 3-2 | 2-1
1744567,2026-10-10,El Paso Locomotive,Orange County SC,,,15,5,5,5,33.3,33.3,33.3,33.3,33.3,33.3,1.87,26.7,3-1 | 1-1 | 1-3 | 1-2 | 4-1 | 2-1 | 0-1 | 0-3 | 1-0 | 1-0,1-2 | 1-0 | 6-0 | 0-2 | 1-1 | 1-1 | 1-5 | 2-3 | 0-3 | 2-0
1744569,2026-10-10,Phoenix Rising,Las Vegas Lights FC,,,22,11,6,5,50.0,27.3,22.7,50.0,27.3,22.7,3.45,54.5,2-1 | 3-0 | 1-3 | 2-1 | 1-1 | 2-1 | 2-2 | 3-1 | 1-0 | 1-1,1-0 | 3-2 | 1-1 | 0-2 | 1-2 | 0-2 | 2-0 | 2-1 | 0-1 | 0-0
1744570,2026-10-10,Sacramento Republic,Colorado Switchbacks,,,14,9,1,4,64.3,7.1,28.6,64.3,7.1,28.6,2.43,21.4,1-1 | 3-2 | 2-3 | 0-0 | 1-0 | 1-1 | 1-1 | 2-2 | 1-0 | 0-0,0-0 | 0-0 | 0-0 | 2-1 | 2-1 | 4-5 | 0-1 | 0-1 | 3-1 | 3-2
1744599,2026-10-10,Deportiva Venados,Pioneros de Cancun,,,5,3,2,0,60.0,40.0,0.0,60.0,40.0,0.0,3.2,80.0,3-1 | 2-2 | 3-3 | 2-0 | 1-1 | 0-0 | 2-1 | 2-4 | 1-1 | 1-1,2-1 | 1-3 | 5-1 | 0-4 | 0-3 | 1-1 | 1-1 | 2-1 | 2-3 | 0-3
1744623,2026-10-10,Oakland Roots,San Antonio FC,,,10,2,3,5,20.0,30.0,50.0,20.0,30.0,50.0,2.7,60.0,0-0 | 3-0 | 0-1 | 1-4 | 1-1 | 0-1 | 1-1 | 1-0 | 0-0 | 0-1,1-0 | 0-7 | 0-0 | 0-0 | 2-1 | 0-0 | 0-0 | 1-2 | 0-1 | 0-3
1744653,2026-10-10,Portland Hearts Of Pine,Boise,,,1,0,0,1,0.0,0.0,100.0,0.0,0.0,100.0,3.0,100.0,3-3 | 1-4 | 1-1 | 1-0 | 2-1 | 3-2 | 1-4 | 1-1 | 1-1 | 1-2,1-0 | 2-1 | 2-2 | 1-1 | 2-1 | 0-2 | 2-3 | 2-2 | 2-1 | 0-0
1744655,2026-10-10,Charlotte Independence,New York Cosmos,,,1,0,0,1,0.0,0.0,100.0,0.0,0.0,100.0,5.0,100.0,2-3 | 1-1 | 1-2 | 1-1 | 5-4 | 2-0 | 3-2 | 5-0 | 1-1 | 3-1,2-1 | 3-2 | 1-2 | 2-1 | 2-4 | 1-2 | 1-1 | 3-3 | 0-2 | 1-0
1744658,2026-10-10,Sarasota Paradise,Richmond Kickers,,,1,0,1,0,0.0,100.0,0.0,0.0,100.0,0.0,0.0,0.0,2-3 | 1-4 | 6-0 | 1-1 | 1-1 | 1-2 | 1-1 | 3-2 | 3-1 | 2-1,2-0 | 3-2 | 3-2 | 1-2 | 5-2 | 1-1 | 2-0 | 1-2 | 1-1 | 5-1
1744825,2026-10-10,UP Langreo,CD Lealtad,,,6,2,2,2,33.3,33.3,33.3,33.3,33.3,33.3,2.0,33.3,1-1 | 3-2 | 1-3 | 2-2 | 2-1 | 6-1 | 3-2 | 1-1 | 3-0 | 4-1,2-0 | 1-1 | 1-0 | 1-2 | 0-1 | 1-0 | 2-1 | 2-2 | 3-1 | 2-3
1745119,2026-10-10,Constancia,Porreres,,,10,5,3,2,50.0,30.0,20.0,50.0,30.0,20.0,2.6,60.0,1-3 | 2-0 | 1-0 | 1-1 | 3-0 | 2-1 | 1-1 | 3-0 | 1-3 | 1-1,0-1 | 1-2 | 2-1 | 3-1 | 1-0 | 2-0 | 0-0 | 3-1 | 0-1 | 2-0
