match_id,date,time,country,competition,home_team,away_team,tip,coef_1,coef_x,coef_2,coef_ht1,coef_htx,coef_ht2,coef_o15,coef_o25,coef_o35,coef_bts,coef_ots,vote_1,vote_x,vote_2,likes,dislikes,home_country,home_world_rank,away_country,away_world_rank,h2h_matches_count,latest_h2h_date,latest_h2h_score,comparison_url
1745574,2026-10-02,19:30,International,CLUB FRIENDLIES,Sevilla,Aston Villa,2,35,23,42,24,43,33,84,70,41,67,33,0,1,0,0,0,Spain,100,England,14,10,2026-09-19,1-3,https://www.statarea.com/compare/teams/Sevilla (Spain)/Aston+Villa (England)
1745560,2026-10-02,12:00,International,CLUB FRIENDLIES,FC Augsburg,Hertha Berlin,1,46,28,26,44,38,18,93,72,51,63,37,0,2,0,0,0,Germany,68,Germany,341,24,2023-02-25,2-0,https://www.statarea.com/compare/teams/FC+Augsburg (Germany)/Hertha+Berlin (Germany)
1745570,2026-10-02,17:00,International,CLUB FRIENDLIES,Rapid Bucuresti,Genoa,X2,33,30,37,21,55,24,74,50,26,52,48,0,0,0,1,0,Romania,490,Italy,113,10,2026-09-18,3-1,https://www.statarea.com/compare/teams/Rapid+Bucuresti (Romania)/Genoa (Italy)
1741204,2026-10-02,11:00,International,CLUB FRIENDLIES,Sparta Praha,Vysocina Jihlava,1,72,17,11,52,37,11,95,82,56,60,40,1,0,0,1,2,Czech Republic,89,Czech Republic,,19,2020-01-22,5-0,https://www.statarea.com/compare/teams/Sparta+Praha (Czech Republic)/Vysocina+Jihlava (Czech Republic)
1745558,2026-10-02,11:00,International,CLUB FRIENDLIES,FC Nurnberg,FC Ingolstadt 04,1,52,20,28,30,40,30,86,59,33,50,50,1,0,0,0,0,Germany,,Germany,240,17,2022-02-04,0-5,https://www.statarea.com/compare/teams/FC+Nurnberg (Germany)/FC+Ingolstadt+04 (Germany)
1745563,2026-10-02,13:00,International,CLUB FRIENDLIES,Sigma Olomouc,MSK Zilina,1,46,28,26,25,45,30,85,65,44,57,43,0,0,1,0,0,Czech Republic,536,Slovakia,403,7,2017-07-05,3-3,https://www.statarea.com/compare/teams/Sigma+Olomouc (Czech Republic)/MSK+Zilina (Slovakia)
1745555,2026-10-02,10:00,International,CLUB FRIENDLIES,MFK Ruzomberok,Opava,1X,47,39,14,33,51,16,92,60,39,68,32,1,0,1,2,0,Slovakia,,Czech Republic,,10,2026-09-19,2-0,https://www.statarea.com/compare/teams/MFK+Ruzomberok (Slovakia)/Opava (Czech Republic)
1745573,2026-10-02,18:00,International,CLUB FRIENDLIES,Laval,Rennes,2,34,20,46,22,36,42,92,75,49,63,37,0,0,0,0,0,France,,France,141,3,2024-07-20,2-1,https://www.statarea.com/compare/teams/Laval (France)/Rennes (France)
1745561,2026-10-02,12:00,International,CLUB FRIENDLIES,FC Heidenheim,FC Wurzburger Kickers,1,62,16,22,46,26,28,95,80,65,69,31,1,0,0,1,0,Germany,295,Germany,,5,2021-03-05,1-2,https://www.statarea.com/compare/teams/FC+Heidenheim (Germany)/FC+Wurzburger+Kickers (Germany)
1741203,2026-10-02,10:00,International,CLUB FRIENDLIES,Gornik Zabrze,Odra Opole,1X,56,31,13,46,38,16,95,59,38,58,42,0,0,0,0,0,Poland,,Poland,,2,2001-04-18,2-0,https://www.statarea.com/compare/teams/Gornik+Zabrze (Poland)/Odra+Opole (Poland)
1745559,2026-10-02,11:00,International,CLUB FRIENDLIES,Wisla Plock,Unia Skierniewice,1,54,22,24,36,36,28,92,71,43,54,46,1,0,0,0,0,Poland,,Poland,,10,2026-09-20,0-2,https://www.statarea.com/compare/teams/Wisla+Plock (Poland)/Unia+Skierniewice (Poland)
1745571,2026-10-02,17:00,International,CLUB FRIENDLIES,Teplice,Dynamo Dresden,2,31,27,42,26,29,45,95,83,58,59,41,0,0,0,0,1,Czech Republic,,Germany,,7,2022-07-16,1-0,https://www.statarea.com/compare/teams/Teplice (Czech Republic)/Dynamo+Dresden (Germany)
1737785,2026-10-02,19:45,International,UEFA NATIONS LEAGUE A GRP. 1,Belgium,Turkey,1,51,25,24,41,39,20,92,73,49,50,50,1,1,0,4,0,Belgium,,Turkey,,7,2011-06-03,1-1,https://www.statarea.com/compare/teams/Belgium (Belgium)/Turkey (Turkey)
1737786,2026-10-02,19:45,International,UEFA NATIONS LEAGUE A GRP. 1,France,Italy,1,51,23,26,38,35,27,85,62,42,57,43,1,1,0,3,0,France,,Italy,,14,2024-11-17,1-3,https://www.statarea.com/compare/teams/France (France)/Italy (Italy)
1736764,2026-10-02,01:15,Argentina,CUP,Platense,Estudiantes L.P.,X2,30,36,34,18,57,25,67,31,14,39,61,0,0,0,0,0,,,,,0,,,https://www.statarea.com/match/info/Platense (Argentina)/Estudiantes+L.P. (Argentina)/2026-10-02
1738302,2026-10-02,23:15,Argentina,CLAUSURA,Independiente,Instituto Cordoba,X2,37,32,31,31,42,27,66,37,22,41,59,0,0,0,0,0,Argentina,103,Argentina,405,13,2026-03-17,2-1,https://www.statarea.com/compare/teams/Independiente (Argentina)/Instituto+Cordoba (Argentina)
1737788,2026-10-02,19:45,International,UEFA NATIONS LEAGUE B GRP. 2,Ukraine,Northern Ireland,1,52,25,23,35,49,16,72,46,26,50,50,0,0,0,1,0,Ukraine,,Northern Ireland,,4,2021-06-03,1-0,https://www.statarea.com/compare/teams/Ukraine (Ukraine)/Northern+Ireland (Northern Ireland)
1737787,2026-10-02,19:45,International,UEFA NATIONS LEAGUE B GRP. 2,Hungary,Georgia,1,46,26,28,32,45,23,85,58,35,50,50,0,0,0,1,0,Hungary,,Georgia,,2,2001-09-01,3-1,https://www.statarea.com/compare/teams/Hungary (Hungary)/Georgia (Georgia)
1737796,2026-10-02,19:45,Rep. Of Ireland,PREMIER DIVISION,Dundalk,Bohemians,2,31,25,44,28,36,36,85,67,44,64,36,1,2,5,5,2,Rep. Of Ireland,,Rep. Of Ireland,,64,2026-06-19,1-2,https://www.statarea.com/compare/teams/Dundalk (Rep. Of Ireland)/Bohemians (Rep. Of Ireland)
1737828,2026-10-02,02:30,USA,MAJOR LEAGUE SOCCER WESTERN CONFERENCE,Seattle Sounders,Sporting Kansas City,1,58,22,20,43,39,18,86,69,44,57,43,5,1,4,1,2,USA,449,USA,,32,2026-05-02,1-1,https://www.statarea.com/compare/teams/Seattle+Sounders (USA)/Sporting+Kansas+City (USA)
1737789,2026-10-02,19:45,International,UEFA NATIONS LEAGUE B GRP. 4,Bosnia and Herzegovina,Sweden,X2,32,33,35,22,46,32,84,56,36,64,36,0,0,0,1,0,Bosnia & Herzegovina,,Sweden,,1,2010-05-29,4-2,https://www.statarea.com/compare/teams/Bosnia+and+Herzegovina (Bosnia & Herzegovina)/Sweden (Sweden)
1737790,2026-10-02,19:45,International,UEFA NATIONS LEAGUE B GRP. 4,Poland,Romania,1,51,28,21,36,45,19,84,52,31,54,46,1,0,0,1,0,Poland,,Romania,,4,2017-06-10,3-1,https://www.statarea.com/compare/teams/Poland (Poland)/Romania (Romania)
1741479,2026-10-02,15:00,Algeria,LIGUE 2 CENTER-EAST,Annaba,Paradou AC,1,57,26,17,22,61,17,69,49,29,44,56,0,0,0,0,0,Algeria,,Algeria,635,2,2012-03-03,0-0,https://www.statarea.com/compare/teams/Annaba (Algeria)/Paradou+AC (Algeria)
1741472,2026-10-02,15:00,Algeria,LIGUE 2 CENTER-EAST,CA Batna,MSP Batna,1,57,28,15,31,61,8,68,42,22,39,61,0,0,0,0,0,Algeria,,Algeria,,2,2014-03-07,0-0,https://www.statarea.com/compare/teams/CA+Batna (Algeria)/MSP+Batna (Algeria)
1737821,2026-10-02,19:45,Rep. Of Ireland,FIRST DIVISION,Athlone Town,Cork City,X2,25,30,45,25,36,39,86,67,35,56,44,0,0,2,2,0,Rep. Of Ireland,,Rep. Of Ireland,,23,2026-08-03,3-2,https://www.statarea.com/compare/teams/Athlone+Town (Rep. Of Ireland)/Cork+City (Rep. Of Ireland)
1737825,2026-10-02,19:45,Rep. Of Ireland,FIRST DIVISION,Wexford Youths,Longford Town FC,12,42,26,32,34,38,28,84,62,34,61,39,0,1,0,1,0,Rep. Of Ireland,,Rep. Of Ireland,,61,2026-07-25,1-2,https://www.statarea.com/compare/teams/Wexford+Youths (Rep. Of Ireland)/Longford+Town+FC (Rep. Of Ireland)
1737822,2026-10-02,19:45,Rep. Of Ireland,FIRST DIVISION,Bray Wanderers,Cobh Ramblers,1,57,24,19,43,36,21,90,74,49,62,38,1,1,0,2,0,Rep. Of Ireland,,Rep. Of Ireland,,33,2026-07-24,1-2,https://www.statarea.com/compare/teams/Bray+Wanderers (Rep. Of Ireland)/Cobh+Ramblers (Rep. Of Ireland)
1737824,2026-10-02,19:45,Rep. Of Ireland,FIRST DIVISION,Treaty United,UCD,X2,26,32,42,30,35,35,89,71,37,68,32,0,0,2,3,1,Rep. Of Ireland,,Rep. Of Ireland,,18,2026-08-03,1-2,https://www.statarea.com/compare/teams/Treaty+United (Rep. Of Ireland)/UCD (Rep. Of Ireland)
1737802,2026-10-02,21:00,Morocco,BOTOLA PRO,Ittihad Tanger,Moghreb Tetouan,1X,45,40,15,27,59,14,69,41,19,49,51,0,0,0,0,0,Morocco,,Morocco,,19,2025-04-14,2-1,https://www.statarea.com/compare/teams/Ittihad+Tanger (Morocco)/Moghreb+Tetouan (Morocco)
1738426,2026-10-02,22:30,Paraguay,DIVISION INTERMEDIA,Sportivo Carapegua,Deportivo Capiata,1X,44,32,24,32,45,23,75,46,26,58,42,0,0,0,0,0,Paraguay,,Paraguay,,7,2026-06-27,5-2,https://www.statarea.com/compare/teams/Sportivo+Carapegua (Paraguay)/Deportivo+Capiata (Paraguay)
1737817,2026-10-02,01:00,Brazil,SERIE B,Novorizontino,Goias,1,52,29,19,36,42,22,86,55,29,49,51,0,0,0,0,0,,,,,0,,,https://www.statarea.com/match/info/Novorizontino (Brazil)/Goias (Brazil)/2026-10-02
1738306,2026-10-02,23:30,Brazil,SERIE B,Sao Bernardo,CRB,X2,36,33,31,29,40,31,70,44,26,50,50,0,0,0,0,0,Brazil,,Brazil,,1,2026-06-07,2-3,https://www.statarea.com/compare/teams/Sao+Bernardo (Brazil)/CRB (Brazil)
1740914,2026-10-02,16:00,Finland,KAKKONEN PLAYOFFS,JBK,Honka,2,34,14,52,18,31,51,95,75,51,46,54,0,0,0,0,0,Finland,,Finland,507,1,2014-03-29,1-3,https://www.statarea.com/compare/teams/JBK (Finland)/Honka (Finland)
1737794,2026-10-02,19:45,International,UEFA NATIONS LEAGUE C GRP. 3,Faroe Islands,Slovakia,2,18,24,58,15,41,44,83,51,29,47,53,0,0,0,1,1,Faroe Islands,,Slovakia,,10,2026-09-29,1-1,https://www.statarea.com/compare/teams/Faroe+Islands (Faroe Islands)/Slovakia (Slovakia)
1737793,2026-10-02,15:00,International,UEFA NATIONS LEAGUE C GRP. 3,Kazakhstan,Moldova,2,38,23,39,27,39,34,78,39,26,42,58,0,0,0,0,1,Kazakhstan,,Moldova,,7,2022-03-29,5-4,https://www.statarea.com/compare/teams/Kazakhstan (Kazakhstan)/Moldova (Moldova)
1738063,2026-10-02,12:00,International,FRIENDLIES,South Korea,Venezuela,1,66,21,13,34,55,11,80,54,29,37,63,0,0,0,0,0,South Korea,,Venezuela,,1,2014-09-05,3-1,https://www.statarea.com/compare/teams/South+Korea (South Korea)/Venezuela (Venezuela)
1745552,2026-10-02,12:35,International,FRIENDLIES,China,Palestine,1,52,27,21,43,38,19,69,46,22,42,58,0,0,0,0,0,China,,Palestine,,5,2023-06-20,2-0,https://www.statarea.com/compare/teams/China (China)/Palestine (Palestine)
1745932,2026-10-02,16:00,International,FRIENDLIES,Congo DR,Uganda,1,66,20,14,49,41,10,76,51,29,44,56,0,0,0,0,0,Congo DR,,Uganda,,4,2023-06-14,1-0,https://www.statarea.com/compare/teams/Congo+DR (Congo DR)/Uganda (Uganda)
1728766,2026-10-02,17:00,Czech Republic,CUP,Dukla Praha,FK Jablonec,2,39,20,41,27,44,29,85,52,34,44,56,0,0,0,0,0,Czech Republic,,Czech Republic,,27,2026-03-14,2-0,https://www.statarea.com/compare/teams/Dukla+Praha (Czech Republic)/FK+Jablonec (Czech Republic)
1737826,2026-10-02,18:00,Norway,1. DIVISION,Ranheim,Egersund,1X,47,30,23,48,29,23,94,82,67,79,21,2,0,1,1,1,Norway,,Norway,,6,2026-04-27,3-0,https://www.statarea.com/compare/teams/Ranheim (Norway)/Egersund (Norway)
1737869,2026-10-02,19:45,Wales,CHAMPIONSHIP SOUTH,Caerau Ely,Afan Lido,1,57,22,21,40,40,20,90,71,50,65,35,0,0,0,0,0,Wales,,Wales,,6,2026-03-07,4-1,https://www.statarea.com/compare/teams/Caerau+Ely (Wales)/Afan+Lido (Wales)
1737791,2026-10-02,17:00,International,UEFA NATIONS LEAGUE C GRP. 2,Cyprus,Armenia,1,45,29,26,33,48,19,83,57,39,56,44,0,0,0,0,0,Cyprus,,Armenia,,4,2023-03-28,2-2,https://www.statarea.com/compare/teams/Cyprus (Cyprus)/Armenia (Armenia)
1737792,2026-10-02,17:00,International,UEFA NATIONS LEAGUE C GRP. 2,Latvia,Montenegro,12,43,23,34,39,40,21,65,45,30,39,61,0,0,0,0,0,Latvia,,Montenegro,,4,2021-09-07,0-0,https://www.statarea.com/compare/teams/Latvia (Latvia)/Montenegro (Montenegro)
1745292,2026-10-02,07:00,International,ASIAN GAMES KNOCKOUT STAGE,China (w),South Korea (w),2,34,21,45,33,34,33,89,64,48,52,48,0,0,0,0,0,China,,South Korea,,7,2022-07-23,1-1,https://www.statarea.com/compare/teams/China+%28w%29 (China)/South+Korea+%28w%29 (South Korea)
1739836,2026-10-02,20:15,Spain,PRIMERA FEDERACION - GROUP 2,Real Madrid Castilla,Atletico Madrid B,1,49,27,24,36,40,24,79,57,32,57,43,1,0,0,0,0,Spain,,Spain,,15,2025-04-12,1-1,https://www.statarea.com/compare/teams/Real+Madrid+Castilla (Spain)/Atletico+Madrid+B (Spain)
1739802,2026-10-02,18:00,Spain,PRIMERA FEDERACION - GROUP 1,Real Aviles,Lugo,X2,33,31,36,27,40,33,79,54,30,58,42,0,0,0,0,0,Spain,,Spain,,3,2026-01-25,1-2,https://www.statarea.com/compare/teams/Real+Aviles (Spain)/Lugo (Spain)
1738987,2026-10-02,23:00,Argentina,PRIMERA NACIONAL GRP. A,Ferro Carril Oeste,Deportivo Madryn,X,40,33,27,32,46,22,62,40,26,41,59,0,0,0,0,0,Argentina,,Argentina,,8,2026-05-17,0-1,https://www.statarea.com/compare/teams/Ferro+Carril+Oeste (Argentina)/Deportivo+Madryn (Argentina)
1738569,2026-10-02,18:00,France,NATIONAL 2 GRP. B,Stade Briochin,Lorient B,1,47,28,25,32,49,19,68,50,28,44,56,0,0,0,0,0,France,,France,,1,2023-11-10,2-1,https://www.statarea.com/compare/teams/Stade+Briochin (France)/Lorient+B (France)
1738565,2026-10-02,19:00,France,NATIONAL 2 GRP. B,Chauray,Avranches,X2,28,30,42,21,48,31,61,42,20,42,58,0,0,0,0,0,France,,France,,2,2026-03-21,1-0,https://www.statarea.com/compare/teams/Chauray (France)/Avranches (France)
1737937,2026-10-02,13:00,Romania,LIGA 3 GRP. 6,Unirea Bascov,Jiul Petrosani,12,45,24,31,26,59,15,76,53,36,46,54,0,0,0,0,0,Romania,,Romania,,10,2026-09-26,1-1,https://www.statarea.com/compare/teams/Unirea+Bascov (Romania)/Jiul+Petrosani (Romania)
1737795,2026-10-02,17:30,Germany,FRAUEN-BUNDESLIGA,Bayer Leverkusen (w),Werder Bremen (w),1,54,20,26,46,26,28,80,65,41,62,38,0,0,0,0,0,Germany,,Germany,,16,2026-05-17,1-3,https://www.statarea.com/compare/teams/Bayer+Leverkusen+%28w%29 (Germany)/Werder+Bremen+%28w%29 (Germany)
1737816,2026-10-02,19:30,Spain,LALIGA2,CD Eldense,Oviedo,2,35,29,36,28,40,32,81,61,27,52,48,3,0,7,6,0,Spain,,Spain,,4,2025-02-10,0-0,https://www.statarea.com/compare/teams/CD+Eldense (Spain)/Oviedo (Spain)
1737829,2026-10-02,20:00,Bolivia,COPA BOLIVIA GROUP A,San Antonio Bulo Bulo,Abb,1,62,20,18,50,33,17,92,70,44,64,36,0,0,0,0,0,Bolivia,,Bolivia,,4,2026-09-08,0-2,https://www.statarea.com/compare/teams/San+Antonio+Bulo+Bulo (Bolivia)/Abb (Bolivia)
1737852,2026-10-02,10:00,International,PREMIER DIVISION GROUP B,Thailand,Philippines,1,66,18,16,54,34,12,82,50,31,51,49,0,0,0,0,0,Thailand,,Philippines,,12,2026-08-04,0-1,https://www.statarea.com/compare/teams/Thailand (Thailand)/Philippines (Philippines)
1737853,2026-10-02,10:00,International,PREMIER DIVISION GROUP B,Vietnam,Pakistan,1,80,15,5,67,25,8,89,67,49,39,61,0,0,0,0,0,Vietnam,,Pakistan,,1,2018-08-14,3-0,https://www.statarea.com/compare/teams/Vietnam (Vietnam)/Pakistan (Pakistan)
1737881,2026-10-02,11:00,South Korea,K3 LEAGUE,Daejeon Korail,Gangneung City FC,1,53,24,23,36,48,16,73,54,31,50,50,0,0,0,0,0,South Korea,,South Korea,,13,2026-05-10,0-3,https://www.statarea.com/compare/teams/Daejeon+Korail (South Korea)/Gangneung+City+FC (South Korea)
1737893,2026-10-02,11:00,Japan,J. LEAGUE 3,Reilac Shiga,Roasso Kumamoto,2,33,26,41,22,58,20,73,53,23,53,47,1,0,2,1,1,Japan,,Japan,,2,2026-05-03,2-0,https://www.statarea.com/compare/teams/Reilac+Shiga (Japan)/Roasso+Kumamoto (Japan)
1737930,2026-10-02,18:00,Austria,REGIONALLIGA SUD GROUP KARNTEN,Atus Velden,Treibach,1,52,27,21,35,41,24,87,66,48,60,40,0,0,0,0,0,Austria,,Austria,,2,2026-08-14,0-0,https://www.statarea.com/compare/teams/Atus+Velden (Austria)/Treibach (Austria)
1737932,2026-10-02,18:00,Denmark,2. DIVISION,Fremad Amager,B93 Copenhagen,X,38,37,25,26,51,23,84,63,44,70,30,0,0,0,0,0,Denmark,,Denmark,,8,2015-10-17,0-1,https://www.statarea.com/compare/teams/Fremad+Amager (Denmark)/B93+Copenhagen (Denmark)
1737933,2026-10-02,18:00,Denmark,2. DIVISION,Naestved,Nykobing FC,X2,26,31,43,29,36,35,88,62,39,64,36,0,0,0,0,0,Denmark,,Denmark,,20,2026-08-18,1-1,https://www.statarea.com/compare/teams/Naestved (Denmark)/Nykobing+FC (Denmark)
1737934,2026-10-02,18:00,Denmark,2. DIVISION,VSK Aarhus,Brabrand,1,56,25,19,44,37,19,74,55,35,48,52,0,0,0,0,0,Denmark,,Denmark,,15,2026-07-21,0-0,https://www.statarea.com/compare/teams/VSK+Aarhus (Denmark)/Brabrand (Denmark)
1737938,2026-10-02,18:00,Sweden,2. DIVISION SODRA GOTALAND,Lilla Torg FF,Nosaby IF,X,39,35,26,30,40,30,84,70,46,68,32,0,0,0,0,0,Sweden,,Sweden,,1,2026-06-17,3-3,https://www.statarea.com/compare/teams/Lilla+Torg+FF (Sweden)/Nosaby+IF (Sweden)
1737956,2026-10-02,18:00,Sweden,2. DIVISION NORRA SVEALAND,Kungsangens IF,Sunnersta Aif,2,16,28,56,20,34,46,87,57,39,68,32,0,0,0,0,0,Sweden,,Sweden,,3,2026-05-24,4-1,https://www.statarea.com/compare/teams/Kungsangens+IF (Sweden)/Sunnersta+Aif (Sweden)
1737979,2026-10-02,18:00,Sweden,2. DIVISION VASTRA GOTALAND,Torslanda IK,Ik Kongahaella,1,45,27,28,35,38,27,91,75,49,75,25,0,0,0,0,0,Sweden,,Sweden,,1,2026-04-10,2-2,https://www.statarea.com/compare/teams/Torslanda+IK (Sweden)/Ik+Kongahaella (Sweden)
1737980,2026-10-02,18:30,Sweden,2. DIVISION VASTRA GOTALAND,Qviding FIF,Landvetter IS,2,25,28,47,25,37,38,87,66,49,70,30,0,0,0,0,0,Sweden,,Sweden,,7,2026-05-29,2-1,https://www.statarea.com/compare/teams/Qviding+FIF (Sweden)/Landvetter+IS (Sweden)
1738012,2026-10-02,18:00,Sweden,ETTAN NORRA,Karlbergs BK,Sollentuna FK,X,40,34,26,32,44,24,76,48,28,49,51,0,1,1,1,0,Sweden,,Sweden,,6,2026-07-21,1-2,https://www.statarea.com/compare/teams/Karlbergs+BK (Sweden)/Sollentuna+FK (Sweden)
1738014,2026-10-02,18:00,Sweden,ETTAN SODRA,Lunds BK,Laholms FK,1,64,21,15,48,35,17,85,70,44,59,41,2,0,1,2,0,Sweden,,Sweden,,3,2026-05-13,4-3,https://www.statarea.com/compare/teams/Lunds+BK (Sweden)/Laholms+FK (Sweden)
1738050,2026-10-02,18:30,International,EURO U21 QUALIFICATION GRP. D,Andorra (u21),Moldova (u21),X,38,33,29,28,49,23,73,43,20,42,58,0,0,0,0,0,Andorra,,Moldova,,3,2025-06-10,3-0,https://www.statarea.com/compare/teams/Andorra+%28u21%29 (Andorra)/Moldova+%28u21%29 (Moldova)
1738051,2026-10-02,19:45,International,EURO U21 QUALIFICATION GRP. D,England (u21),Slovakia (u21),1,64,19,17,52,28,20,90,70,50,54,46,0,0,0,0,0,England,,Slovakia,,3,2025-11-18,0-4,https://www.statarea.com/compare/teams/England+%28u21%29 (England)/Slovakia+%28u21%29 (Slovakia)
1738052,2026-10-02,17:00,International,EURO U21 QUALIFICATION GRP. G,Slovenia (u21),Netherlands (u21),2,23,22,55,20,37,43,84,57,36,42,58,0,0,0,0,0,Slovenia,,Netherlands,,3,2025-11-14,2-0,https://www.statarea.com/compare/teams/Slovenia+%28u21%29 (Slovenia)/Netherlands+%28u21%29 (Netherlands)
1738053,2026-10-02,17:00,International,EURO U21 QUALIFICATION GRP. H,Ukraine (u21),Croatia (u21),X2,31,32,37,26,39,35,77,54,38,59,41,0,0,0,0,0,Ukraine,,Croatia,,6,2025-10-14,1-0,https://www.statarea.com/compare/teams/Ukraine+%28u21%29 (Ukraine)/Croatia+%28u21%29 (Croatia)
1738054,2026-10-02,17:00,International,EURO U21 QUALIFICATION GRP. I,Austria (u21),Denmark (u21),X2,34,33,33,26,46,28,80,53,32,60,40,0,0,0,0,0,Austria,,Denmark,,5,2025-10-10,1-1,https://www.statarea.com/compare/teams/Austria+%28u21%29 (Austria)/Denmark+%28u21%29 (Denmark)
